State,County,Year,Days_with_AQI,Good_Days,Moderate_Days,Unhealthy_Days,Very_Unhealthy_Days,Hazardous_Days,Max_AQI,Median_AQI,Days_CO,Days_NO2,Days_Ozone,Days_SO2,Days_PM2_5,Days_PM10
Alabama,Baldwin,2015,264,230,33,0,0,0,129,38,0,0,189,0,75,0
Alabama,Clay,2015,112,101,11,0,0,0,91,32,0,0,0,0,112,0
Alabama,Colbert,2015,280,251,29,0,0,0,73,36,0,0,195,0,85,0
Alabama,DeKalb,2015,363,319,43,0,0,0,101,37,0,0,307,0,56,0
Alabama,Elmore,2015,233,223,9,0,0,0,115,35,0,0,233,0,0,0
Alabama,Etowah,2015,365,221,137,3,0,0,170,46,0,0,119,0,246,0
Alabama,Houston,2015,283,259,24,0,0,0,74,33,0,0,211,0,72,0
Alabama,Jefferson,2015,365,203,157,0,0,0,147,48,0,11,106,6,239,3
Alabama,Lawrence,2015,114,105,9,0,0,0,71,27,0,0,0,0,114,0
Alabama,Madison,2015,333,288,45,0,0,0,87,38,0,0,215,0,63,55
Alabama,Mobile,2015,363,274,88,0,0,0,105,40,0,0,140,0,223,0
Alabama,Montgomery,2015,359,227,131,0,0,0,115,45,0,0,112,0,247,0
Alabama,Morgan,2015,365,302,63,0,0,0,92,38,0,0,164,0,201,0
Alabama,Russell,2015,337,196,139,0,0,0,141,47,0,0,76,0,261,0
Alabama,Shelby,2015,257,219,36,0,0,0,115,39,0,0,225,0,32,0
Alabama,Sumter,2015,314,233,80,0,0,0,107,40,0,0,134,0,180,0
Alabama,Talladega,2015,107,76,31,0,0,0,81,40,0,0,0,0,107,0
Alabama,Tuscaloosa,2015,357,193,164,0,0,0,89,49,0,0,50,0,307,0
Alaska,Aleutians East ,2015,117,117,0,0,0,0,33,10,0,0,0,0,117,0
Alaska,Anchorage ,2015,361,301,60,0,0,0,76,28,3,0,0,0,263,95
Alaska,Denali ,2015,363,356,7,0,0,0,89,34,0,0,357,0,6,0
Alaska,Fairbanks North Star ,2015,365,169,133,40,3,0,238,54,0,3,84,2,268,8
Alaska,Juneau ,2015,351,296,55,0,0,0,91,21,0,0,0,0,349,2
Alaska,Kenai Peninsula ,2015,40,40,0,0,0,0,17,5,0,0,0,0,40,0
Alaska,Matanuska-Susitna ,2015,365,286,68,1,0,0,154,29,0,0,190,0,137,38
Alaska,Yukon-Koyukuk ,2015,83,82,1,0,0,0,95,4,0,0,0,0,83,0
Arizona,Apache,2015,361,361,0,0,0,0,35,11,0,0,0,0,52,309
Arizona,Cochise,2015,365,282,83,0,0,0,90,44,0,0,332,0,10,23
Arizona,Coconino,2015,365,260,101,0,0,0,108,44,0,0,359,0,6,0
Arizona,Gila,2015,365,83,155,29,0,0,200,84,0,0,91,248,2,24
Arizona,La Paz,2015,360,273,84,0,0,0,108,42,0,9,292,8,13,38
Arizona,Maricopa,2015,365,85,244,0,0,0,147,64,0,25,219,0,89,32
Arizona,Mohave,2015,364,354,10,0,0,0,58,17,0,0,0,0,41,323
Arizona,Navajo,2015,365,317,48,0,0,0,100,39,0,0,320,0,9,36
Arizona,Pima,2015,365,246,118,0,0,0,101,45,0,2,279,0,17,67
Arizona,Pinal,2015,365,105,214,3,0,10,881,63,0,0,140,0,38,187
Arizona,Santa Cruz,2015,365,294,68,0,0,0,135,30,0,0,0,0,264,101
Arizona,Yavapai,2015,300,235,65,0,0,0,100,41,0,0,275,0,25,0
Arizona,Yuma,2015,365,260,91,0,1,0,266,43,0,0,212,0,20,133
Arkansas,Arkansas,2015,116,88,28,0,0,0,71,34,0,0,0,0,116,0
Arkansas,Ashley,2015,116,92,24,0,0,0,73,31,0,0,0,0,116,0
Arkansas,Clark,2015,320,305,15,0,0,0,87,33,0,0,320,0,0,0
Arkansas,Crittenden,2015,365,308,56,0,0,0,101,36,0,23,291,0,51,0
Arkansas,Garland,2015,120,97,23,0,0,0,72,34,0,0,0,0,120,0
Arkansas,Jackson,2015,119,96,23,0,0,0,64,31,0,0,0,0,119,0
Arkansas,Newton,2015,365,341,24,0,0,0,90,35,0,0,340,0,25,0
Arkansas,Polk,2015,361,313,47,0,0,0,101,38,0,0,312,0,49,0
Arkansas,Pulaski,2015,365,233,132,0,0,0,100,44,0,6,147,0,212,0
Arkansas,Union,2015,365,340,25,0,0,0,85,4,0,0,0,248,117,0
Arkansas,Washington,2015,365,328,37,0,0,0,90,37,0,0,325,0,40,0
California,Alameda,2015,365,214,139,0,0,0,147,46,0,15,180,0,170,0
California,Alpine,2015,31,1,14,3,0,0,170,102,0,0,0,0,31,0
California,Amador,2015,364,283,73,0,0,0,140,41,0,0,364,0,0,0
California,Butte,2015,365,170,182,1,0,0,152,52,0,0,237,0,127,1
California,Calaveras,2015,365,245,98,2,1,1,320,45,0,0,274,0,91,0
California,Colusa,2015,365,229,130,2,0,0,191,46,0,0,154,0,208,3
California,Contra Costa,2015,365,258,99,0,0,0,147,44,0,7,213,0,145,0
California,Del Norte,2015,114,106,8,0,0,0,69,15,0,0,0,0,114,0
California,El Dorado,2015,365,239,102,2,0,0,166,44,0,0,350,0,5,10
California,Fresno,2015,365,60,203,23,1,0,205,80,0,0,227,0,133,5
California,Glenn,2015,365,257,108,0,0,0,93,44,0,0,243,0,99,23
California,Humboldt,2015,365,310,55,0,0,0,90,36,0,0,183,0,176,6
California,Imperial,2015,365,87,236,3,0,0,175,63,0,5,147,0,127,86
California,Inyo,2015,365,203,141,6,0,3,1383,48,0,0,286,0,29,50
California,Kern,2015,365,44,199,28,1,0,201,84,0,1,231,0,129,4
California,Kings,2015,365,90,205,10,0,0,174,71,0,0,197,0,131,37
California,Lake,2015,363,351,11,0,0,0,148,36,0,0,361,0,2,0
California,Los Angeles,2015,365,26,207,36,1,0,203,79,0,25,189,0,149,2
California,Madera,2015,365,109,209,4,0,0,154,63,0,0,223,0,127,15
California,Marin,2015,364,284,78,0,0,0,103,36,0,16,178,0,169,1
California,Mariposa,2015,365,239,115,4,1,0,215,46,0,0,327,0,29,9
California,Mendocino,2015,365,302,59,2,0,0,160,38,0,0,136,0,229,0
California,Merced,2015,365,142,178,4,0,0,159,58,0,0,217,0,147,1
California,Mono,2015,365,321,25,4,1,12,3994,14,0,0,0,0,29,336
California,Monterey,2015,365,331,33,0,0,0,120,37,0,2,258,0,80,25
California,Napa,2015,365,237,127,0,0,0,108,44,1,1,145,0,216,2
California,Nevada,2015,364,217,116,2,0,0,166,47,0,0,356,0,8,0
California,Orange,2015,365,126,218,2,0,0,156,56,0,36,128,0,200,1
California,Placer,2015,365,168,176,4,0,0,187,54,0,0,267,0,98,0
California,Plumas,2015,132,68,50,4,0,0,157,50,0,0,0,0,132,0
California,Riverside,2015,365,43,182,32,2,0,238,87,0,0,194,0,107,64
California,Sacramento,2015,365,153,184,3,0,0,172,54,0,4,193,0,168,0
California,San Benito,2015,365,313,52,0,0,0,93,39,0,0,341,0,23,1
California,San Bernardino,2015,365,35,199,37,5,0,223,83,0,31,202,0,125,7
California,San Diego,2015,365,91,233,1,0,0,155,61,0,8,208,0,147,2
California,San Francisco,2015,365,300,65,0,0,0,100,35,0,68,164,0,133,0
California,San Joaquin,2015,365,138,191,4,0,0,164,56,0,1,170,0,188,6
California,San Luis Obispo,2015,365,163,197,0,0,0,126,53,0,0,191,0,148,26
California,San Mateo,2015,364,326,37,0,0,0,101,32,0,40,230,0,94,0
California,Santa Barbara,2015,365,249,115,0,0,0,101,45,0,3,251,0,106,5
California,Santa Clara,2015,365,247,111,0,0,0,147,43,0,15,187,0,163,0
California,Santa Cruz,2015,365,320,45,0,0,0,94,35,0,0,254,0,111,0
California,Shasta,2015,365,256,96,1,0,0,156,44,0,0,354,0,11,0
California,Siskiyou,2015,362,334,24,0,0,0,139,36,0,0,343,0,17,2
California,Solano,2015,365,246,115,0,0,0,118,44,0,6,201,0,157,1
California,Sonoma,2015,365,321,44,0,0,0,88,35,0,1,267,0,94,3
California,Stanislaus,2015,365,127,190,5,0,0,187,59,0,0,202,0,154,9
California,Sutter,2015,365,194,163,0,0,0,119,49,1,2,233,0,129,0
California,Tehama,2015,365,231,115,1,0,0,153,45,0,0,311,0,52,2
California,Trinity,2015,68,68,0,0,0,0,49,9,0,0,0,0,68,0
California,Tulare,2015,365,50,217,20,0,0,170,78,0,0,206,0,154,5
California,Tuolumne,2015,364,264,89,0,0,0,126,43,0,0,364,0,0,0
California,Ventura,2015,365,183,169,0,0,0,126,50,0,4,226,0,131,4
California,Yolo,2015,365,236,125,0,0,0,103,44,0,2,230,0,133,0
Colorado,Adams,2015,364,270,91,0,0,0,115,45,0,133,206,0,6,19
Colorado,Alamosa,2015,364,357,7,0,0,0,87,17,0,0,0,0,5,359
Colorado,Arapahoe,2015,361,260,99,0,0,0,136,45,0,0,348,0,13,0
Colorado,Archuleta,2015,348,342,6,0,0,0,74,17,0,0,0,0,0,348
Colorado,Boulder,2015,365,265,93,0,0,0,129,44,0,0,335,0,28,2
Colorado,Chaffee,2015,100,65,34,0,0,0,108,47,0,0,100,0,0,0
Colorado,Clear Creek,2015,295,182,107,0,0,0,140,48,0,0,295,0,0,0
Colorado,Delta,2015,114,113,1,0,0,0,51,16,0,0,0,0,0,114
Colorado,Denver,2015,365,166,190,0,0,0,146,52,0,141,128,0,94,2
Colorado,Douglas,2015,362,251,100,2,0,0,169,44,0,0,351,0,11,0
Colorado,El Paso,2015,365,272,91,0,0,0,105,44,1,0,330,28,6,0
Colorado,Fremont,2015,57,57,0,0,0,0,37,11,0,0,0,0,0,57
Colorado,Garfield,2015,365,265,90,0,0,0,133,45,0,0,363,0,2,0
Colorado,Grand,2015,64,59,5,0,0,0,58,38,0,0,64,0,0,0
Colorado,Gunnison,2015,365,283,79,0,0,0,101,44,0,0,357,0,0,8
Colorado,Jackson,2015,363,347,16,0,0,0,93,38,0,14,342,0,7,0
Colorado,Jefferson,2015,365,244,104,2,0,0,164,45,0,0,365,0,0,0
Colorado,La Plata,2015,365,271,92,0,0,0,108,43,0,2,363,0,0,0
Colorado,Larimer,2015,365,198,150,1,0,0,161,49,0,0,322,0,43,0
Colorado,Mesa,2015,365,253,109,0,0,0,105,45,0,0,291,0,74,0
Colorado,Moffat,2015,141,137,4,0,0,0,77,36,0,0,141,0,0,0
Colorado,Montezuma,2015,365,284,81,0,0,0,93,44,0,0,364,0,1,0
Colorado,Park,2015,350,266,80,0,0,0,112,45,0,0,348,0,2,0
Colorado,Pitkin,2015,124,122,2,0,0,0,55,11,0,0,0,0,34,90
Colorado,Prowers,2015,351,339,9,0,2,0,299,14,0,0,0,0,0,351
Colorado,Pueblo,2015,129,123,6,0,0,0,94,19,0,0,0,0,89,40
Colorado,Rio Blanco,2015,365,302,63,0,0,0,100,43,0,0,321,0,44,0
Colorado,Routt,2015,364,357,7,0,0,0,58,13,0,0,0,0,0,364
Colorado,San Juan,2015,121,121,0,0,0,0,48,6,0,0,0,0,121,0
Colorado,San Miguel,2015,236,188,47,0,0,0,105,44,0,0,173,0,0,63
Colorado,Weld,2015,365,232,124,0,0,0,133,47,0,0,334,0,28,3
Connecticut,Fairfield,2015,365,214,121,6,0,0,177,46,2,0,145,0,218,0
Connecticut,Hartford,2015,365,223,134,0,0,0,147,45,0,32,136,0,195,2
Connecticut,Litchfield,2015,365,305,53,0,0,0,147,39,0,3,292,0,69,1
Connecticut,Middlesex,2015,183,134,37,0,0,0,147,43,0,0,183,0,0,0
Connecticut,New Haven,2015,365,220,129,3,0,0,169,45,0,12,184,0,169,0
Connecticut,New London,2015,359,297,50,1,0,0,151,36,0,0,167,0,192,0
Connecticut,Tolland,2015,183,154,23,0,0,0,129,39,0,0,183,0,0,0
Connecticut,Windham,2015,356,326,27,0,0,0,129,35,0,0,356,0,0,0
Country Of Mexico,BAJA CALIFORNIA NORTE,2015,56,8,34,4,0,0,174,73,0,0,0,0,0,56
Delaware,Kent,2015,365,284,81,0,0,0,100,41,0,0,260,0,105,0
Delaware,New Castle,2015,365,204,151,1,0,0,172,48,0,8,221,1,135,0
Delaware,Sussex,2015,365,268,94,0,0,0,115,42,0,0,283,0,82,0
District Of Columbia,District of Columbia,2015,365,217,143,0,0,0,126,47,0,31,159,0,175,0
Florida,Alachua,2015,365,331,34,0,0,0,74,34,0,0,209,0,156,0
Florida,Baker,2015,364,356,8,0,0,0,77,32,0,0,364,0,0,0
Florida,Bay,2015,365,319,46,0,0,0,84,37,0,0,211,0,154,0
Florida,Brevard,2015,365,333,32,0,0,0,90,37,0,0,306,0,58,1
Florida,Broward,2015,365,317,47,0,0,0,101,34,0,13,227,0,125,0
Florida,Citrus,2015,365,326,27,0,0,0,141,16,0,0,0,253,112,0
Florida,Collier,2015,363,320,43,0,0,0,74,33,0,0,202,0,161,0
Florida,Columbia,2015,321,288,33,0,0,0,77,35,0,0,222,0,99,0
Florida,Duval,2015,365,310,54,0,0,0,104,38,0,13,177,0,172,3
Florida,Escambia,2015,365,292,73,0,0,0,100,40,0,0,217,0,148,0
Florida,Flagler,2015,365,360,5,0,0,0,74,33,0,0,365,0,0,0
Florida,Hamilton,2015,317,272,45,0,0,0,77,32,0,0,0,0,317,0
Florida,Highlands,2015,356,345,11,0,0,0,80,31,0,0,356,0,0,0
Florida,Hillsborough,2015,365,238,122,0,0,0,119,44,0,4,159,15,187,0
Florida,Holmes,2015,361,327,34,0,0,0,77,37,0,0,208,0,153,0
Florida,Indian River,2015,333,320,13,0,0,0,84,34,0,0,333,0,0,0
Florida,Lake,2015,364,347,17,0,0,0,87,34,0,0,364,0,0,0
Florida,Lee,2015,365,331,34,0,0,0,90,36,0,0,227,0,137,1
Florida,Leon,2015,363,273,90,0,0,0,97,40,0,0,123,0,240,0
Florida,Liberty,2015,352,345,7,0,0,0,61,31,0,0,352,0,0,0
Florida,Manatee,2015,365,336,29,0,0,0,97,34,0,0,365,0,0,0
Florida,Marion,2015,365,321,44,0,0,0,67,35,0,0,240,0,125,0
Florida,Martin,2015,365,328,37,0,0,0,75,35,0,0,244,0,121,0
Florida,Miami-Dade,2015,365,292,73,0,0,0,85,40,0,3,114,0,248,0
Florida,Nassau,2015,365,320,45,0,0,0,90,33,0,0,0,48,317,0
Florida,Okaloosa,2015,365,354,11,0,0,0,74,33,0,0,350,0,0,15
Florida,Orange,2015,365,313,51,0,0,0,101,38,0,0,218,0,147,0
Florida,Osceola,2015,357,345,12,0,0,0,87,32,0,0,357,0,0,0
Florida,Palm Beach,2015,365,294,71,0,0,0,90,37,0,0,171,0,112,82
Florida,Pasco,2015,365,343,22,0,0,0,90,37,0,0,365,0,0,0
Florida,Pinellas,2015,365,320,45,0,0,0,75,38,0,0,233,0,131,1
Florida,Polk,2015,365,314,50,0,0,0,105,37,0,0,210,1,154,0
Florida,Putnam,2015,349,349,0,0,0,0,49,13,0,0,0,42,0,307
Florida,Santa Rosa,2015,365,310,55,0,0,0,97,38,0,0,217,0,148,0
Florida,Sarasota,2015,365,304,60,0,0,0,105,40,0,0,221,0,144,0
Florida,Seminole,2015,361,344,17,0,0,0,80,34,0,0,335,0,15,11
Florida,St. Lucie,2015,350,341,9,0,0,0,84,32,0,0,350,0,0,0
Florida,Volusia,2015,365,326,39,0,0,0,81,36,0,0,275,0,90,0
Florida,Wakulla,2015,355,303,52,0,0,0,94,36,1,0,184,0,170,0
Georgia,Bibb,2015,365,269,96,0,0,0,87,41,0,0,124,0,241,0
Georgia,Charlton,2015,119,117,2,0,0,0,59,24,0,0,0,0,119,0
Georgia,Chatham,2015,365,299,65,1,0,0,180,38,0,0,107,44,214,0
Georgia,Chattooga,2015,191,173,18,0,0,0,97,36,0,0,191,0,0,0
Georgia,Clarke,2015,358,302,56,0,0,0,97,38,0,0,148,0,210,0
Georgia,Clayton,2015,121,86,35,0,0,0,93,39,0,0,0,0,121,0
Georgia,Cobb,2015,359,258,100,0,0,0,112,42,0,0,156,0,203,0
Georgia,Coffee,2015,60,56,4,0,0,0,60,28,0,0,0,0,60,0
Georgia,Columbia,2015,243,227,16,0,0,0,84,37,0,0,243,0,0,0
Georgia,Coweta,2015,365,312,51,0,0,0,108,35,0,0,142,0,223,0
Georgia,Dawson,2015,227,212,14,0,0,0,101,38,0,0,227,0,0,0
Georgia,DeKalb,2015,365,183,178,0,0,0,150,50,0,35,74,0,256,0
Georgia,Dougherty,2015,365,230,134,0,0,0,115,42,0,0,0,0,365,0
Georgia,Douglas,2015,234,206,27,0,0,0,112,37,0,0,234,0,0,0
Georgia,Floyd,2015,365,260,105,0,0,0,96,38,0,0,0,36,329,0
Georgia,Fulton,2015,365,191,164,2,0,0,172,49,1,20,105,0,239,0
Georgia,Glynn,2015,354,326,28,0,0,0,63,34,0,0,179,0,175,0
Georgia,Gwinnett,2015,365,276,85,1,0,0,154,40,0,0,171,0,194,0
Georgia,Hall,2015,264,149,115,0,0,0,94,48,0,0,0,0,264,0
Georgia,Henry,2015,364,299,62,0,0,0,147,36,0,0,160,0,204,0
Georgia,Houston,2015,363,288,75,0,0,0,95,35,0,0,0,0,363,0
Georgia,Lowndes,2015,357,276,81,0,0,0,87,38,0,0,0,0,357,0
Georgia,Murray,2015,280,256,23,0,1,0,233,37,0,0,225,0,55,0
Georgia,Muscogee,2015,349,275,73,0,0,0,109,38,0,0,122,0,227,0
Georgia,Paulding,2015,365,252,113,0,0,0,90,43,0,3,97,0,265,0
Georgia,Pike,2015,355,319,33,1,0,0,161,35,0,0,355,0,0,0
Georgia,Richmond,2015,364,267,96,0,0,0,114,40,0,0,138,36,190,0
Georgia,Rockdale,2015,364,319,42,0,0,0,136,31,0,120,244,0,0,0
Georgia,Sumter,2015,245,236,8,0,0,0,129,34,0,0,245,0,0,0
Georgia,Walker,2015,359,264,95,0,0,0,80,39,0,0,0,0,359,0
Georgia,Washington,2015,119,107,12,0,0,0,69,32,0,0,0,0,119,0
Georgia,Wilkinson,2015,115,90,25,0,0,0,82,38,0,0,0,0,115,0
Hawaii,Hawaii,2015,365,2,59,148,3,0,222,136,0,0,0,351,14,0
Hawaii,Honolulu,2015,365,331,34,0,0,0,62,34,0,1,161,2,185,16
Hawaii,Kauai,2015,362,360,2,0,0,0,66,14,0,116,0,17,229,0
Hawaii,Maui,2015,365,344,21,0,0,0,75,25,0,0,0,0,365,0
Idaho,Ada,2015,365,294,62,2,0,0,166,40,4,51,223,0,66,21
Idaho,Bannock,2015,365,320,38,2,0,0,156,30,0,0,0,104,220,41
Idaho,Benewah,2015,365,201,141,5,0,0,180,46,0,0,0,0,365,0
Idaho,Blaine,2015,202,197,3,0,0,0,138,10,0,0,0,0,202,0
Idaho,Boise,2015,275,227,43,0,0,0,128,29,0,0,0,0,275,0
Idaho,Bonner,2015,365,316,37,3,0,0,159,21,0,0,0,0,238,127
Idaho,Bonneville,2015,104,98,6,0,0,0,58,18,0,0,0,0,104,0
Idaho,Butte,2015,360,325,34,1,0,0,157,40,0,0,355,0,5,0
Idaho,Canyon,2015,364,313,41,2,0,0,155,27,0,0,0,0,249,115
Idaho,Caribou,2015,356,356,0,0,0,0,46,3,0,0,0,356,0,0
Idaho,Custer,2015,117,115,2,0,0,0,92,6,0,0,0,0,117,0
Idaho,Franklin,2015,335,296,34,1,0,0,165,21,0,0,0,0,335,0
Idaho,Idaho,2015,269,228,33,3,3,0,226,20,0,0,0,0,269,0
Idaho,Jerome,2015,22,21,1,0,0,0,54,12,0,0,0,0,22,0
Idaho,Kootenai,2015,324,268,50,3,0,0,166,30,0,0,0,0,324,0
Idaho,Latah,2015,265,240,17,5,1,0,206,11,0,0,0,0,265,0
Idaho,Lemhi,2015,355,224,106,7,1,0,243,38,0,0,0,0,355,0
Idaho,Nez Perce,2015,271,239,18,5,1,1,302,19,0,0,0,0,271,0
Idaho,Shoshone,2015,363,200,137,6,0,0,185,43,0,0,0,0,338,25
Idaho,Twin Falls,2015,275,259,13,0,0,0,141,24,0,0,0,0,275,0
Idaho,Valley,2015,247,229,13,3,0,0,153,13,0,0,0,0,247,0
Illinois,Adams,2015,214,193,21,0,0,0,93,40,0,0,214,0,0,0
Illinois,Champaign,2015,365,278,87,0,0,0,90,42,0,0,215,0,150,0
Illinois,Clark,2015,210,182,28,0,0,0,87,39,0,0,210,0,0,0
Illinois,Cook,2015,365,156,202,2,0,0,183,53,0,51,82,0,208,24
Illinois,DuPage,2015,259,218,40,0,0,0,115,39,0,0,184,0,75,0
Illinois,Effingham,2015,203,184,19,0,0,0,84,40,0,0,203,0,0,0
Illinois,Hamilton,2015,261,219,41,0,0,0,105,38,0,0,196,0,65,0
Illinois,Jersey,2015,240,206,33,0,0,0,112,40,0,0,169,0,71,0
Illinois,Jo Daviess,2015,327,309,18,0,0,0,90,34,0,0,327,0,0,0
Illinois,Kane,2015,363,314,48,0,0,0,124,35,0,0,302,0,61,0
Illinois,La Salle,2015,365,365,0,0,0,0,31,1,0,0,0,365,0,0
Illinois,Lake,2015,362,332,27,0,0,0,122,35,0,0,362,0,0,0
Illinois,Macon,2015,365,269,96,0,0,0,100,41,0,0,206,22,137,0
Illinois,Macoupin,2015,365,347,18,0,0,0,90,30,0,0,213,152,0,0
Illinois,Madison,2015,365,242,117,0,0,0,115,44,0,0,221,0,143,1
Illinois,McHenry,2015,364,253,109,0,0,0,103,43,0,0,161,0,203,0
Illinois,McLean,2015,363,324,39,0,0,0,90,37,0,0,325,0,38,0
Illinois,Peoria,2015,365,269,96,0,0,0,90,42,0,0,208,0,157,0
Illinois,Randolph,2015,364,327,37,0,0,0,90,32,0,0,192,107,65,0
Illinois,Rock Island,2015,365,325,39,0,0,0,105,36,0,0,319,0,46,0
Illinois,Saint Clair,2015,365,287,76,0,0,0,117,41,0,21,173,2,169,0
Illinois,Sangamon,2015,365,327,38,0,0,0,85,34,0,0,304,17,44,0
Illinois,Tazewell,2015,339,302,22,0,0,0,134,4,0,0,0,339,0,0
Illinois,Wabash,2015,362,351,11,0,0,0,86,4,0,0,0,362,0,0
Illinois,Will,2015,364,235,129,0,0,0,93,45,0,0,147,0,217,0
Illinois,Winnebago,2015,362,311,50,0,0,0,108,35,0,0,315,0,47,0
Indiana,Allen,2015,357,235,120,1,0,0,169,43,0,0,121,0,236,0
Indiana,Bartholomew,2015,365,243,120,0,0,0,115,43,0,4,111,0,250,0
Indiana,Boone,2015,176,144,32,0,0,0,97,42,0,0,176,0,0,0
Indiana,Brown,2015,181,166,14,0,0,0,101,38,0,0,181,0,0,0
Indiana,Carroll,2015,183,155,28,0,0,0,87,43,0,0,183,0,0,0
Indiana,Clark,2015,364,233,127,1,0,0,164,44,0,0,126,0,237,1
Indiana,Daviess,2015,352,337,8,0,0,0,126,4,0,0,0,352,0,0
Indiana,Delaware,2015,236,203,32,0,0,0,105,36,0,0,155,0,81,0
Indiana,Dubois,2015,122,90,32,0,0,0,76,35,0,0,0,0,118,4
Indiana,Elkhart,2015,357,239,115,0,0,0,124,42,0,0,96,0,261,0
Indiana,Floyd,2015,365,221,142,0,0,0,108,44,0,0,92,11,262,0
Indiana,Fountain,2015,357,357,0,0,0,0,46,4,0,0,0,357,0,0
Indiana,Gibson,2015,364,341,20,0,0,0,114,6,0,0,0,364,0,0
Indiana,Greene,2015,243,187,54,0,0,0,115,41,0,0,164,0,79,0
Indiana,Hamilton,2015,360,273,87,0,0,0,93,37,0,0,106,0,254,0
Indiana,Hancock,2015,183,165,18,0,0,0,97,34,0,0,183,0,0,0
Indiana,Hendricks,2015,183,179,4,0,0,0,61,35,0,0,183,0,0,0
Indiana,Henry,2015,121,98,23,0,0,0,72,28,0,0,0,0,121,0
Indiana,Howard,2015,346,160,185,0,0,0,101,52,0,0,0,0,346,0
Indiana,Huntington,2015,178,175,3,0,0,0,71,31,0,0,178,0,0,0
Indiana,Jackson,2015,167,141,25,0,0,0,101,41,0,0,167,0,0,0
Indiana,Jasper,2015,352,352,0,0,0,0,20,4,0,0,0,352,0,0
Indiana,Johnson,2015,179,158,21,0,0,0,90,39,0,0,179,0,0,0
Indiana,Knox,2015,349,314,35,0,0,0,93,34,0,0,349,0,0,0
Indiana,LaPorte,2015,243,190,50,0,0,0,126,40,0,0,163,0,80,0
Indiana,Lake,2015,365,210,149,1,0,0,151,47,1,6,117,6,221,14
Indiana,Madison,2015,363,257,106,0,0,0,88,38,0,0,86,0,277,0
Indiana,Marion,2015,365,177,184,1,0,0,157,51,0,6,123,15,218,3
Indiana,Monroe,2015,342,289,53,0,0,0,80,30,0,0,0,0,342,0
Indiana,Montgomery,2015,118,62,56,0,0,0,81,47,0,0,0,0,118,0
Indiana,Morgan,2015,365,332,33,0,0,0,99,30,0,0,171,194,0,0
Indiana,Perry,2015,183,147,34,0,0,0,112,43,0,0,183,0,0,0
Indiana,Pike,2015,357,345,9,0,0,0,132,1,0,0,0,357,0,0
Indiana,Porter,2015,365,262,99,1,0,0,164,42,0,0,118,20,202,25
Indiana,Posey,2015,183,156,25,0,0,0,115,40,0,0,183,0,0,0
Indiana,Shelby,2015,183,166,17,0,0,0,77,39,0,0,183,0,0,0
Indiana,Spencer,2015,115,83,32,0,0,0,75,34,0,0,0,0,115,0
Indiana,St. Joseph,2015,362,227,133,0,0,0,134,45,0,32,111,0,219,0
Indiana,Tippecanoe,2015,328,234,94,0,0,0,99,38,0,0,0,0,328,0
Indiana,Vanderburgh,2015,365,214,145,0,0,0,133,46,2,7,131,0,225,0
Indiana,Vigo,2015,365,180,162,2,0,0,176,51,0,0,79,81,205,0
Indiana,Wabash,2015,358,330,26,0,0,0,126,35,0,0,358,0,0,0
Indiana,Warrick,2015,275,208,65,0,0,0,115,41,0,0,176,99,0,0
Indiana,Wayne,2015,363,361,2,0,0,0,85,6,0,0,0,363,0,0
Indiana,Whitley,2015,360,257,103,0,0,0,87,39,0,22,0,3,335,0
Iowa,Black Hawk,2015,362,187,173,0,0,0,111,49,0,0,0,0,361,1
Iowa,Bremer,2015,214,200,14,0,0,0,80,36,0,0,214,0,0,0
Iowa,Cerro Gordo,2015,357,352,5,0,0,0,58,16,0,0,0,0,0,357
Iowa,Clinton,2015,365,187,177,0,0,0,146,49,0,0,74,4,287,0
Iowa,Delaware,2015,118,103,15,0,0,0,73,30,0,0,0,0,110,8
Iowa,Harrison,2015,214,191,22,0,0,0,108,40,0,0,214,0,0,0
Iowa,Johnson,2015,365,280,84,0,0,0,139,36,0,0,0,0,361,4
Iowa,Lee,2015,118,98,20,0,0,0,82,33,0,0,0,0,118,0
Iowa,Linn,2015,365,265,99,0,0,0,112,42,0,0,124,18,220,3
Iowa,Montgomery,2015,365,300,65,0,0,0,97,38,0,0,149,0,216,0
Iowa,Muscatine,2015,365,228,121,1,0,0,151,42,0,0,0,74,286,5
Iowa,Palo Alto,2015,365,289,75,0,0,0,102,40,0,0,120,0,243,2
Iowa,Polk,2015,365,298,67,0,0,0,98,36,0,17,136,0,208,4
Iowa,Pottawattamie,2015,122,105,17,0,0,0,82,32,0,0,0,0,118,4
Iowa,Scott,2015,365,112,251,1,0,0,152,56,0,0,50,0,216,99
Iowa,Story,2015,213,202,11,0,0,0,77,36,0,0,213,0,0,0
Iowa,Van Buren,2015,365,281,83,1,0,0,154,40,0,0,166,0,199,0
Iowa,Warren,2015,214,204,10,0,0,0,80,35,0,0,214,0,0,0
Iowa,Woodbury,2015,365,353,12,0,0,0,99,1,0,0,0,244,119,2
Kansas,Chase,2015,119,113,6,0,0,0,84,20,0,0,0,0,119,0
Kansas,Ford,2015,330,324,6,0,0,0,64,13,0,0,0,0,0,330
Kansas,Johnson,2015,365,325,40,0,0,0,100,35,0,0,329,0,36,0
Kansas,Leavenworth,2015,365,347,18,0,0,0,71,34,0,0,365,0,0,0
Kansas,Neosho,2015,364,328,35,0,0,0,122,35,0,1,313,0,42,8
Kansas,Sedgwick,2015,365,296,69,0,0,0,94,40,0,21,282,0,25,37
Kansas,Shawnee,2015,365,322,42,0,0,0,108,36,0,0,322,0,30,13
Kansas,Sherman,2015,59,58,1,0,0,0,73,18,0,0,0,0,0,59
Kansas,Sumner,2015,365,311,54,0,0,0,100,37,0,0,344,0,21,0
Kansas,Trego,2015,358,303,54,0,0,0,128,41,0,0,340,0,18,0
Kansas,Wyandotte,2015,365,220,143,0,0,0,123,46,0,11,120,17,216,1
Kentucky,Bell,2015,261,237,24,0,0,0,77,38,0,0,231,0,30,0
Kentucky,Boone,2015,244,221,22,0,0,0,101,39,0,0,244,0,0,0
Kentucky,Boyd,2015,365,267,95,0,0,0,108,41,0,18,126,2,217,2
Kentucky,Bullitt,2015,242,215,25,0,0,0,108,39,0,0,242,0,0,0
Kentucky,Campbell,2015,364,257,101,0,0,0,129,43,0,3,155,3,203,0
Kentucky,Carter,2015,265,241,24,0,0,0,74,36,0,0,194,0,70,1
Kentucky,Christian,2015,270,222,48,0,0,0,87,41,0,0,198,0,72,0
Kentucky,Daviess,2015,365,241,121,0,0,0,113,43,0,5,95,8,257,0
Kentucky,Edmonson,2015,362,333,29,0,0,0,90,36,0,0,330,4,28,0
Kentucky,Fayette,2015,365,286,74,0,0,0,139,39,0,30,188,1,145,1
Kentucky,Greenup,2015,364,344,20,0,0,0,100,31,0,0,239,125,0,0
Kentucky,Hancock,2015,245,203,37,0,0,0,115,41,0,0,245,0,0,0
Kentucky,Hardin,2015,365,251,113,0,0,0,105,44,0,0,133,0,232,0
Kentucky,Henderson,2015,365,264,99,0,0,0,101,42,0,0,130,2,233,0
Kentucky,Jefferson,2015,365,195,160,4,0,0,174,49,0,13,128,12,212,0
Kentucky,Jessamine,2015,365,334,30,0,0,0,105,32,0,0,244,121,0,0
Kentucky,Livingston,2015,260,227,32,0,0,0,105,40,0,0,242,0,0,18
Kentucky,Madison,2015,112,99,13,0,0,0,71,30,0,0,0,0,112,0
Kentucky,McCracken,2015,365,252,110,0,0,0,115,41,0,40,113,2,208,2
Kentucky,Morgan,2015,362,331,31,0,0,0,87,37,0,0,362,0,0,0
Kentucky,Oldham,2015,191,164,23,0,0,0,129,39,0,0,191,0,0,0
Kentucky,Perry,2015,361,316,45,0,0,0,82,36,0,0,167,0,194,0
Kentucky,Pike,2015,365,272,93,0,0,0,97,42,0,0,82,0,283,0
Kentucky,Pulaski,2015,263,230,33,0,0,0,80,37,0,0,196,0,67,0
Kentucky,Simpson,2015,208,179,28,0,0,0,101,39,0,0,208,0,0,0
Kentucky,Trigg,2015,344,318,26,0,0,0,71,36,0,0,344,0,0,0
Kentucky,Warren,2015,336,291,45,0,0,0,84,38,0,0,161,0,175,0
Kentucky,Washington,2015,360,333,26,0,0,0,101,37,0,0,360,0,0,0
Louisiana,Ascension,2015,363,326,32,0,0,0,140,34,0,9,354,0,0,0
Louisiana,Bossier,2015,365,264,100,0,0,0,140,40,0,0,207,2,156,0
Louisiana,Caddo,2015,364,303,61,0,0,0,93,38,0,0,278,0,86,0
Louisiana,Calcasieu,2015,365,230,131,1,0,0,156,45,0,1,152,9,203,0
Louisiana,East Baton Rouge,2015,365,190,165,2,0,0,156,50,0,1,126,0,238,0
Louisiana,Iberville,2015,365,317,39,0,0,0,133,34,0,3,321,0,41,0
Louisiana,Jefferson,2015,365,279,86,0,0,0,100,40,0,5,235,0,125,0
Louisiana,Lafayette,2015,365,249,116,0,0,0,97,44,0,0,165,0,200,0
Louisiana,Lafourche,2015,365,321,44,0,0,0,97,35,0,0,259,0,106,0
Louisiana,Livingston,2015,365,233,130,0,0,0,112,45,0,0,179,0,186,0
Louisiana,Orleans,2015,365,305,60,0,0,0,79,36,3,59,0,0,296,7
Louisiana,Ouachita,2015,335,306,29,0,0,0,74,32,0,0,276,0,59,0
Louisiana,Pointe Coupee,2015,364,337,25,0,0,0,122,32,0,0,364,0,0,0
Louisiana,Rapides,2015,118,106,12,0,0,0,65,27,0,0,0,0,118,0
Louisiana,St. Bernard,2015,365,223,137,0,0,0,121,45,0,0,124,40,201,0
Louisiana,St. James,2015,345,325,18,0,0,0,115,31,0,0,345,0,0,0
Louisiana,St. John the Baptist,2015,365,341,22,0,0,0,105,33,0,0,365,0,0,0
Louisiana,St. Martin,2015,65,59,6,0,0,0,84,38,0,0,65,0,0,0
Louisiana,St. Tammany,2015,365,302,63,0,0,0,100,37,0,0,236,0,129,0
Louisiana,Tangipahoa,2015,114,102,12,0,0,0,98,29,0,0,0,0,114,0
Louisiana,Terrebonne,2015,122,116,6,0,0,0,76,26,0,0,0,0,122,0
Louisiana,West Baton Rouge,2015,365,290,72,0,0,0,143,37,0,14,128,1,222,0
Maine,Androscoggin,2015,358,294,64,0,0,0,97,36,0,0,108,0,248,2
Maine,Aroostook,2015,365,276,89,0,0,0,97,37,0,0,159,0,202,4
Maine,Cumberland,2015,365,287,77,0,0,0,108,38,0,23,202,0,138,2
Maine,Franklin,2015,49,49,0,0,0,0,39,8,0,0,0,0,49,0
Maine,Hancock,2015,365,330,32,0,0,0,143,37,0,0,330,0,35,0
Maine,Kennebec,2015,288,274,14,0,0,0,93,32,0,0,208,51,20,9
Maine,Knox,2015,178,164,13,0,0,0,119,36,0,0,178,0,0,0
Maine,Oxford,2015,340,291,49,0,0,0,90,33,0,0,148,0,192,0
Maine,Penobscot,2015,364,304,60,0,0,0,100,37,0,0,199,0,165,0
Maine,Sagadahoc,2015,203,198,5,0,0,0,74,35,0,0,203,0,0,0
Maine,Washington,2015,356,343,13,0,0,0,90,33,0,0,347,0,9,0
Maine,York,2015,350,329,18,0,0,0,136,31,0,0,214,136,0,0
Maryland,Anne Arundel,2015,264,191,69,0,0,0,119,44,0,0,200,0,63,1
Maryland,Baltimore,2015,365,257,95,0,0,0,143,42,0,57,253,1,54,0
Maryland,Baltimore (City),2015,365,210,149,0,0,0,140,47,0,39,122,0,204,0
Maryland,Calvert,2015,206,145,61,0,0,0,93,44,0,0,206,0,0,0
Maryland,Carroll,2015,213,162,49,0,0,0,115,43,0,0,213,0,0,0
Maryland,Cecil,2015,358,235,118,1,0,0,187,44,0,0,162,0,196,0
Maryland,Charles,2015,212,153,58,0,0,0,122,44,0,0,212,0,0,0
Maryland,Dorchester,2015,365,274,90,0,0,0,105,42,0,0,266,0,99,0
Maryland,Frederick,2015,209,160,48,0,0,0,119,44,0,0,209,0,0,0
Maryland,Garrett,2015,365,306,59,0,0,0,100,40,0,0,297,1,67,0
Maryland,Harford,2015,358,244,108,1,0,0,156,43,0,0,196,0,162,0
Maryland,Howard,2015,365,283,82,0,0,0,92,35,1,162,0,0,202,0
Maryland,Kent,2015,347,251,89,0,0,0,108,44,0,0,166,0,181,0
Maryland,Montgomery,2015,345,229,111,0,0,0,143,45,0,0,151,0,194,0
Maryland,Prince George's,2015,365,191,167,1,0,0,156,50,0,2,189,0,174,0
Maryland,Washington,2015,345,227,117,0,0,0,101,44,0,0,135,0,210,0
Massachusetts,Barnstable,2015,317,294,19,0,0,0,122,34,0,0,286,0,31,0
Massachusetts,Berkshire,2015,360,294,66,0,0,0,94,34,0,0,0,0,360,0
Massachusetts,Bristol,2015,365,305,55,0,0,0,122,37,0,0,274,0,91,0
Massachusetts,Dukes,2015,260,242,16,0,0,0,112,31,0,0,203,0,57,0
Massachusetts,Essex,2015,365,299,63,0,0,0,122,37,0,7,265,0,93,0
Massachusetts,Franklin,2015,365,288,77,0,0,0,100,37,0,0,192,0,173,0
Massachusetts,Hampden,2015,365,283,79,0,0,0,147,39,0,24,221,0,120,0
Massachusetts,Hampshire,2015,361,316,41,0,0,0,108,36,0,5,304,0,51,1
Massachusetts,Middlesex,2015,362,345,16,0,0,0,119,33,0,0,362,0,0,0
Massachusetts,Norfolk,2015,365,319,44,1,0,0,156,37,0,2,288,0,75,0
Massachusetts,Plymouth,2015,363,293,69,0,0,0,126,36,0,0,244,0,119,0
Massachusetts,Suffolk,2015,365,239,125,0,0,0,126,43,0,45,57,0,263,0
Massachusetts,Worcester,2015,365,307,58,0,0,0,93,37,0,39,246,0,80,0
Michigan,Allegan,2015,243,183,56,0,0,0,147,41,0,0,174,0,69,0
Michigan,Bay,2015,361,304,57,0,0,0,80,33,0,0,0,0,361,0
Michigan,Benzie,2015,183,160,21,0,0,0,108,39,0,0,183,0,0,0
Michigan,Berrien,2015,243,178,61,0,0,0,126,42,0,0,171,0,72,0
Michigan,Cass,2015,180,141,37,0,0,0,126,44,0,0,180,0,0,0
Michigan,Chippewa,2015,358,301,57,0,0,0,84,36,0,0,109,0,249,0
Michigan,Clinton,2015,182,161,21,0,0,0,100,39,0,0,182,0,0,0
Michigan,Genesee,2015,357,264,90,0,0,0,131,40,0,0,133,0,224,0
Michigan,Huron,2015,182,162,18,0,0,0,129,39,0,0,182,0,0,0
Michigan,Ingham,2015,364,282,80,0,0,0,107,40,0,4,199,0,161,0
Michigan,Kalamazoo,2015,359,264,94,0,0,0,101,41,0,0,123,0,236,0
Michigan,Kent,2015,365,259,103,1,0,0,153,40,0,0,201,0,164,0
Michigan,Keweenaw,2015,118,117,1,0,0,0,58,13,0,0,0,0,118,0
Michigan,Lenawee,2015,348,276,72,0,0,0,91,42,0,0,138,0,210,0
Michigan,Macomb,2015,241,174,61,1,0,0,165,43,0,0,173,0,68,0
Michigan,Manistee,2015,242,208,32,0,0,0,119,34,0,0,175,0,67,0
Michigan,Mason,2015,183,159,23,0,0,0,105,39,0,0,183,0,0,0
Michigan,Missaukee,2015,361,315,45,0,0,0,101,37,0,0,274,0,87,0
Michigan,Monroe,2015,327,301,25,0,0,0,101,7,0,0,0,210,117,0
Michigan,Muskegon,2015,176,139,31,1,0,0,159,42,0,0,176,0,0,0
Michigan,Oakland,2015,237,189,44,0,0,0,142,41,0,0,158,0,79,0
Michigan,Ottawa,2015,347,317,29,0,0,0,122,19,0,0,159,188,0,0
Michigan,Schoolcraft,2015,364,328,33,0,0,0,133,31,0,0,166,0,198,0
Michigan,St. Clair,2015,365,251,100,0,0,0,126,41,0,0,122,27,216,0
Michigan,Tuscola,2015,340,321,19,0,0,0,100,34,0,0,340,0,0,0
Michigan,Washtenaw,2015,365,272,93,0,0,0,99,42,0,0,197,0,168,0
Michigan,Wayne,2015,365,160,198,0,0,0,133,53,0,8,82,33,212,30
Michigan,Wexford,2015,356,334,20,0,0,0,112,35,0,0,356,0,0,0
Minnesota,Anoka,2015,365,318,45,0,0,0,105,37,0,10,249,0,102,4
Minnesota,Becker,2015,358,316,40,0,0,0,130,33,0,0,200,0,158,0
Minnesota,Beltrami,2015,362,348,12,0,0,0,131,17,0,0,0,0,362,0
Minnesota,Carlton,2015,275,254,20,0,0,0,101,33,0,0,197,0,78,0
Minnesota,Cook,2015,258,257,1,0,0,0,89,20,0,0,0,0,258,0
Minnesota,Crow Wing,2015,365,331,32,0,0,0,137,33,0,0,196,0,169,0
Minnesota,Dakota,2015,365,324,40,0,0,0,137,31,0,76,0,5,284,0
Minnesota,Goodhue,2015,214,202,12,0,0,0,87,37,0,0,214,0,0,0
Minnesota,Hennepin,2015,365,223,139,0,0,0,119,45,0,17,69,0,155,124
Minnesota,Lake,2015,365,342,22,0,0,0,110,29,0,0,162,0,151,52
Minnesota,Lyon,2015,365,338,26,0,0,0,119,30,0,0,128,0,237,0
Minnesota,Mille Lacs,2015,223,214,9,0,0,0,87,33,0,0,223,0,0,0
Minnesota,Olmsted,2015,365,315,49,0,0,0,116,36,0,0,180,0,185,0
Minnesota,Ramsey,2015,365,291,72,0,0,0,134,33,0,0,0,0,308,57
Minnesota,Rock,2015,119,111,8,0,0,0,83,22,0,0,0,0,119,0
Minnesota,Saint Louis,2015,365,329,35,0,0,0,104,36,0,0,240,0,118,7
Minnesota,Scott,2015,364,347,17,0,0,0,90,32,0,0,325,0,39,0
Minnesota,Stearns,2015,355,327,27,1,0,0,151,33,0,0,186,0,169,0
Minnesota,Washington,2015,365,278,85,0,0,0,122,40,0,0,131,0,205,29
Minnesota,Winona,2015,120,115,5,0,0,0,73,18,0,0,0,0,120,0
Minnesota,Wright,2015,357,328,29,0,0,0,93,32,0,0,186,0,171,0
Mississippi,Bolivar,2015,245,226,19,0,0,0,90,38,0,0,245,0,0,0
Mississippi,DeSoto,2015,365,288,77,0,0,0,87,39,0,0,120,0,245,0
Mississippi,Forrest,2015,354,272,82,0,0,0,75,38,0,0,0,0,354,0
Mississippi,Grenada,2015,116,110,6,0,0,0,65,26,0,0,0,0,116,0
Mississippi,Hancock,2015,276,237,39,0,0,0,84,35,0,0,197,0,79,0
Mississippi,Harrison,2015,363,288,73,0,0,0,115,38,0,0,145,0,218,0
Mississippi,Hinds,2015,365,217,148,0,0,0,100,45,0,2,110,0,253,0
Mississippi,Jackson,2015,365,315,50,0,0,0,93,33,0,80,206,9,70,0
Mississippi,Lauderdale,2015,241,236,5,0,0,0,77,32,0,0,241,0,0,0
Mississippi,Lee,2015,235,228,7,0,0,0,74,35,0,0,235,0,0,0
Mississippi,Yalobusha,2015,329,325,4,0,0,0,97,33,0,0,329,0,0,0
Missouri,Andrew,2015,213,184,29,0,0,0,87,40,0,0,213,0,0,0
Missouri,Boone,2015,214,197,17,0,0,0,90,38,0,0,214,0,0,0
Missouri,Buchanan,2015,364,267,97,0,0,0,99,38,0,0,0,0,352,12
Missouri,Callaway,2015,214,186,28,0,0,0,97,41,0,0,214,0,0,0
Missouri,Cass,2015,336,255,80,0,0,0,103,40,0,0,166,0,170,0
Missouri,Cedar,2015,352,296,56,0,0,0,87,35,0,0,152,0,200,0
Missouri,Clay,2015,362,281,77,0,0,0,115,41,0,0,175,0,187,0
Missouri,Clinton,2015,214,167,45,0,0,0,101,42,0,0,214,0,0,0
Missouri,Franklin,2015,248,246,2,0,0,0,76,1,0,0,0,248,0,0
Missouri,Greene,2015,365,302,63,0,0,0,80,38,0,0,153,8,193,11
Missouri,Iron,2015,356,350,6,0,0,0,70,4,0,0,0,356,0,0
Missouri,Jackson,2015,365,216,112,0,0,0,134,44,0,50,0,74,160,81
Missouri,Jasper,2015,365,307,58,0,0,0,98,35,0,0,176,0,0,189
Missouri,Jefferson,2015,365,226,136,0,0,0,136,46,0,0,93,3,269,0
Missouri,Lincoln,2015,214,188,26,0,0,0,97,39,0,0,214,0,0,0
Missouri,Monroe,2015,365,355,10,0,0,0,80,31,0,0,355,0,0,10
Missouri,Perry,2015,214,178,35,0,0,0,129,41,0,0,214,0,0,0
Missouri,Saint Charles,2015,275,234,38,0,0,0,126,37,0,0,213,62,0,0
Missouri,Saint Louis,2015,365,242,118,0,0,0,119,44,0,32,128,0,204,1
Missouri,Sainte Genevieve,2015,220,190,30,0,0,0,93,39,0,0,214,0,6,0
Missouri,St. Louis City,2015,365,200,159,2,0,0,154,48,0,29,52,1,259,24
Missouri,Stoddard,2015,119,108,11,0,0,0,73,28,0,0,0,0,119,0
Missouri,Taney,2015,263,251,12,0,0,0,77,34,0,0,196,0,67,0
Montana,Cascade,2015,347,306,32,6,0,0,165,26,0,0,0,0,347,0
Montana,Fergus,2015,365,343,13,4,0,0,163,36,0,0,318,0,45,2
Montana,Flathead,2015,365,265,88,9,0,0,180,42,0,0,171,0,144,50
Montana,Gallatin,2015,365,319,42,1,0,0,174,22,10,22,0,0,333,0
Montana,Lake,2015,120,113,5,1,0,0,166,9,0,0,0,0,120,0
Montana,Lewis and Clark,2015,365,290,62,5,0,0,171,41,0,0,241,0,124,0
Montana,Lincoln,2015,365,204,140,12,1,0,215,41,0,0,0,0,352,13
Montana,Missoula,2015,365,185,157,9,0,0,191,49,0,0,81,0,282,2
Montana,Phillips,2015,364,335,21,4,0,0,191,34,0,0,282,0,81,1
Montana,Powder River,2015,358,295,57,1,0,0,165,39,0,0,246,0,56,56
Montana,Powell,2015,120,112,6,2,0,0,171,8,0,0,0,0,120,0
Montana,Ravalli,2015,351,292,38,11,2,0,247,21,0,0,0,0,351,0
Montana,Richland,2015,364,319,39,3,0,0,173,39,0,0,297,0,52,15
Montana,Roosevelt,2015,102,96,2,1,0,0,152,10,0,0,0,0,102,0
Montana,Rosebud,2015,365,297,55,5,0,0,185,38,0,6,243,7,65,44
Montana,Sanders,2015,362,341,18,0,0,0,150,16,0,0,0,0,39,323
Montana,Sheridan,2015,115,111,1,1,0,0,154,12,0,0,0,0,115,0
Montana,Silver Bow,2015,365,288,67,6,0,0,168,30,0,0,0,0,317,48
Montana,Yellowstone,2015,365,329,34,1,0,0,158,28,0,0,0,85,280,0
Nebraska,Cass,2015,353,309,43,0,0,0,106,24,0,0,0,0,0,353
Nebraska,Dawson,2015,59,57,2,0,0,0,62,18,0,0,0,0,0,59
Nebraska,Douglas,2015,365,256,105,0,0,0,122,43,1,0,161,23,170,10
Nebraska,Garden,2015,119,115,4,0,0,0,71,12,0,0,0,0,119,0
Nebraska,Hall,2015,115,109,6,0,0,0,81,24,0,0,0,0,115,0
Nebraska,Knox,2015,348,322,26,0,0,0,87,36,0,0,348,0,0,0
Nebraska,Lancaster,2015,261,234,27,0,0,0,80,37,0,0,193,0,68,0
Nebraska,Sarpy,2015,347,288,59,0,0,0,94,33,0,0,0,0,347,0
Nebraska,Scotts Bluff,2015,98,90,8,0,0,0,79,21,0,0,0,0,98,0
Nebraska,Thomas,2015,118,113,5,0,0,0,70,14,0,0,0,0,118,0
Nebraska,Washington,2015,116,110,6,0,0,0,76,25,0,0,0,0,116,0
Nevada,Carson City,2015,365,285,79,0,0,0,144,43,0,0,245,0,120,0
Nevada,Churchill,2015,261,209,50,0,0,0,133,44,0,0,261,0,0,0
Nevada,Clark,2015,365,140,202,1,0,0,151,58,0,14,250,0,97,4
Nevada,Douglas,2015,314,244,63,2,0,0,171,30,0,0,0,0,314,0
Nevada,Elko,2015,359,314,45,0,0,0,97,29,0,0,112,0,13,234
Nevada,Lyon,2015,275,207,64,0,0,0,108,45,0,0,275,0,0,0
Nevada,Nye,2015,365,357,7,1,0,0,165,16,0,0,0,0,0,365
Nevada,Washoe,2015,365,206,147,0,0,0,115,49,0,9,260,0,81,15
Nevada,White Pine,2015,358,296,60,0,0,0,115,42,0,0,350,0,8,0
New Hampshire,Belknap,2015,213,207,6,0,0,0,90,32,0,0,178,0,35,0
New Hampshire,Cheshire,2015,365,283,81,1,0,0,154,38,0,0,206,0,159,0
New Hampshire,Coos,2015,354,287,60,0,0,0,140,45,0,0,347,0,7,0
New Hampshire,Grafton,2015,365,320,45,0,0,0,90,35,0,0,246,0,119,0
New Hampshire,Hillsborough,2015,365,323,40,0,0,0,129,38,0,0,310,0,55,0
New Hampshire,Merrimack,2015,365,357,7,0,0,0,105,33,0,0,361,4,0,0
New Hampshire,Rockingham,2015,365,279,84,0,0,0,126,41,0,0,230,0,135,0
New Jersey,Atlantic,2015,365,318,45,0,0,0,122,37,0,0,322,5,38,0
New Jersey,Bergen,2015,365,203,150,0,0,0,133,47,0,67,107,0,191,0
New Jersey,Camden,2015,365,216,135,1,0,0,161,47,0,40,190,0,125,10
New Jersey,Cumberland,2015,362,317,43,0,0,0,108,33,0,0,362,0,0,0
New Jersey,Essex,2015,365,295,65,0,0,0,112,38,0,159,170,0,36,0
New Jersey,Gloucester,2015,272,194,73,0,0,0,133,42,0,0,220,0,52,0
New Jersey,Hudson,2015,365,244,104,1,0,0,166,42,0,76,161,0,128,0
New Jersey,Hunterdon,2015,363,299,60,0,0,0,115,36,0,0,299,0,64,0
New Jersey,Mercer,2015,365,246,109,0,0,0,147,42,0,0,255,0,110,0
New Jersey,Middlesex,2015,319,257,53,0,0,0,136,36,0,73,201,0,45,0
New Jersey,Monmouth,2015,236,189,41,1,0,0,154,41,0,0,236,0,0,0
New Jersey,Morris,2015,365,312,50,0,0,0,108,36,0,12,327,0,26,0
New Jersey,Ocean,2015,356,269,77,1,0,0,161,39,0,0,217,0,139,0
New Jersey,Passaic,2015,279,217,55,0,0,0,147,39,0,0,219,0,60,0
New Jersey,Union,2015,365,227,136,0,0,0,107,44,0,108,0,2,255,0
New Jersey,Warren,2015,363,316,46,0,0,0,115,35,0,94,220,1,48,0
New Mexico,Bernalillo,2015,365,202,159,0,0,0,108,49,0,3,262,0,52,48
New Mexico,Catron,2015,112,111,1,0,0,0,70,10,0,0,0,0,112,0
New Mexico,Chaves,2015,114,111,3,0,0,0,69,17,0,0,0,0,114,0
New Mexico,Dona Ana,2015,365,174,179,1,0,0,157,51,0,3,223,0,81,58
New Mexico,Eddy,2015,356,262,94,0,0,0,97,43,0,3,353,0,0,0
New Mexico,Grant,2015,114,114,0,0,0,0,0,0,0,0,0,114,0,0
New Mexico,Lea,2015,361,287,73,1,0,0,157,40,0,6,335,0,20,0
New Mexico,Lincoln,2015,114,112,2,0,0,0,52,11,0,0,0,0,114,0
New Mexico,Los Alamos,2015,114,114,0,0,0,0,33,10,0,0,0,0,114,0
New Mexico,Luna,2015,355,351,4,0,0,0,75,16,0,53,0,0,0,302
New Mexico,Rio Arriba,2015,361,300,61,0,0,0,90,42,0,0,360,0,1,0
New Mexico,San Juan,2015,365,264,99,0,0,0,115,44,0,23,338,0,4,0
New Mexico,Sandoval,2015,357,293,64,0,0,0,97,41,0,0,357,0,0,0
New Mexico,Santa Fe,2015,365,311,54,0,0,0,80,42,0,0,362,0,3,0
New Mexico,Socorro,2015,107,106,1,0,0,0,57,12,0,0,0,0,107,0
New Mexico,Taos,2015,363,361,2,0,0,0,63,13,0,0,0,0,363,0
New Mexico,Valencia,2015,356,291,65,0,0,0,93,43,0,0,356,0,0,0
New York,Albany,2015,365,297,67,0,0,0,107,37,1,0,249,0,115,0
New York,Bronx,2015,365,217,142,0,0,0,136,46,0,81,148,0,136,0
New York,Chautauqua,2015,364,304,55,0,0,0,126,38,0,0,334,2,28,0
New York,Dutchess,2015,365,344,19,0,0,0,133,33,0,0,358,7,0,0
New York,Erie,2015,365,238,123,0,0,0,119,45,0,28,159,0,178,0
New York,Essex,2015,365,336,29,0,0,0,100,39,0,0,346,0,19,0
New York,Franklin,2015,359,342,13,0,0,0,119,27,0,61,200,98,0,0
New York,Hamilton,2015,362,345,17,0,0,0,90,33,0,0,359,3,0,0
New York,Herkimer,2015,364,355,9,0,0,0,84,33,0,0,360,4,0,0
New York,Jefferson,2015,364,345,19,0,0,0,90,32,0,0,364,0,0,0
New York,Kings,2015,365,289,76,0,0,0,86,32,0,0,0,0,365,0
New York,Monroe,2015,365,294,71,0,0,0,93,37,0,16,187,1,161,0
New York,Nassau,2015,364,310,54,0,0,0,78,25,0,0,0,11,353,0
New York,New York,2015,365,215,146,0,0,0,122,46,0,0,142,0,223,0
New York,Niagara,2015,222,202,19,0,0,0,101,36,0,0,222,0,0,0
New York,Oneida,2015,365,316,49,0,0,0,71,27,0,0,0,0,365,0
New York,Onondaga,2015,365,309,56,0,0,0,93,35,0,0,272,1,92,0
New York,Orange,2015,365,308,53,0,0,0,147,36,0,0,245,0,120,0
New York,Oswego,2015,286,277,8,0,0,0,115,32,0,0,286,0,0,0
New York,Putnam,2015,365,338,25,0,0,0,140,33,0,0,362,3,0,0
New York,Queens,2015,365,251,109,0,0,0,136,42,0,73,163,0,129,0
New York,Richmond,2015,365,243,112,0,0,0,150,43,0,0,187,0,178,0
New York,Rockland,2015,365,293,67,0,0,0,143,38,0,0,260,0,105,0
New York,Saratoga,2015,359,342,16,0,0,0,105,32,0,0,359,0,0,0
New York,Steuben,2015,356,323,33,0,0,0,80,34,1,0,258,0,97,0
New York,Suffolk,2015,365,279,72,0,0,0,150,41,0,0,264,0,101,0
New York,Tompkins,2015,351,332,19,0,0,0,93,35,0,0,351,0,0,0
New York,Wayne,2015,304,293,11,0,0,0,93,31,0,0,304,0,0,0
New York,Westchester,2015,365,290,66,0,0,0,140,38,0,0,236,0,129,0
North Carolina,Alamance,2015,153,139,14,0,0,0,63,32,0,0,0,0,153,0
North Carolina,Alexander,2015,209,173,36,0,0,0,90,43,0,0,209,0,0,0
North Carolina,Avery,2015,353,316,37,0,0,0,90,40,0,0,335,0,18,0
North Carolina,Beaufort,2015,347,346,1,0,0,0,54,0,0,0,0,347,0,0
North Carolina,Buncombe,2015,363,314,49,0,0,0,87,36,0,0,165,0,198,0
North Carolina,Caldwell,2015,207,173,34,0,0,0,97,42,0,0,207,0,0,0
North Carolina,Carteret,2015,318,300,18,0,0,0,71,37,0,0,318,0,0,0
North Carolina,Caswell,2015,358,279,79,0,0,0,87,40,0,0,153,0,205,0
North Carolina,Catawba,2015,347,254,93,0,0,0,82,39,0,0,0,0,347,0
North Carolina,Chatham,2015,243,228,15,0,0,0,64,36,0,0,212,31,0,0
North Carolina,Cumberland,2015,311,256,55,0,0,0,93,40,0,0,181,6,124,0
North Carolina,Davidson,2015,352,213,139,0,0,0,83,45,0,0,0,0,352,0
North Carolina,Duplin,2015,326,301,25,0,0,0,66,26,0,0,0,0,326,0
North Carolina,Durham,2015,360,259,101,0,0,0,87,41,0,0,146,1,212,1
North Carolina,Edgecombe,2015,347,304,43,0,0,0,77,36,0,0,165,0,182,0
North Carolina,Forsyth,2015,365,264,98,0,0,0,126,43,0,14,178,0,173,0
North Carolina,Franklin,2015,211,171,40,0,0,0,93,43,0,0,211,0,0,0
North Carolina,Gaston,2015,36,33,3,0,0,0,61,29,0,0,0,0,36,0
North Carolina,Graham,2015,201,162,39,0,0,0,97,43,0,0,201,0,0,0
North Carolina,Granville,2015,215,168,47,0,0,0,87,44,0,0,215,0,0,0
North Carolina,Guilford,2015,364,287,76,0,0,0,112,41,0,0,170,0,194,0
North Carolina,Haywood,2015,266,200,65,0,0,0,101,44,0,0,205,0,61,0
North Carolina,Hyde,2015,111,108,3,0,0,0,61,21,0,0,0,0,111,0
North Carolina,Jackson,2015,257,199,58,0,0,0,100,43,0,0,207,0,50,0
North Carolina,Johnston,2015,262,224,38,0,0,0,93,39,0,0,204,0,58,0
North Carolina,Lee,2015,364,248,116,0,0,0,93,44,0,0,176,0,188,0
North Carolina,Lenoir,2015,209,185,24,0,0,0,80,41,0,0,209,0,0,0
North Carolina,Lincoln,2015,208,158,49,0,0,0,112,44,0,0,208,0,0,0
North Carolina,Macon,2015,352,335,17,0,0,0,80,32,0,0,352,0,0,0
North Carolina,Martin,2015,351,310,41,0,0,0,71,39,0,0,174,0,177,0
North Carolina,McDowell,2015,337,293,44,0,0,0,88,31,0,0,0,0,337,0
North Carolina,Mecklenburg,2015,365,245,111,0,0,0,129,44,0,10,211,0,144,0
North Carolina,Mitchell,2015,120,111,9,0,0,0,59,29,0,0,0,0,120,0
North Carolina,Montgomery,2015,362,306,56,0,0,0,80,40,0,0,245,0,117,0
North Carolina,New Hanover,2015,359,331,28,0,0,0,71,33,0,0,172,11,176,0
North Carolina,Person,2015,299,254,45,0,0,0,77,36,0,0,214,85,0,0
North Carolina,Pitt,2015,258,225,33,0,0,0,80,39,0,0,195,0,63,0
North Carolina,Rockingham,2015,245,195,49,0,0,0,112,42,0,0,214,31,0,0
North Carolina,Rowan,2015,358,223,134,0,0,0,122,45,0,0,198,0,160,0
North Carolina,Swain,2015,364,302,62,0,0,0,87,36,0,0,161,4,199,0
North Carolina,Union,2015,209,153,55,0,0,0,101,44,0,0,209,0,0,0
North Carolina,Wake,2015,365,233,129,0,0,0,105,45,0,2,177,0,186,0
North Carolina,Watauga,2015,226,208,18,0,0,0,83,23,0,0,0,0,226,0
North Carolina,Wayne,2015,197,126,71,0,0,0,86,43,0,0,0,0,197,0
North Carolina,Yancey,2015,192,136,56,0,0,0,97,45,0,0,192,0,0,0
North Dakota,Billings,2015,365,322,39,1,0,0,153,35,0,0,320,0,45,0
North Dakota,Burke,2015,364,319,35,4,0,0,179,35,0,1,271,6,85,1
North Dakota,Burleigh,2015,365,324,35,1,0,0,155,34,0,19,265,2,78,1
North Dakota,Cass,2015,365,305,57,0,0,0,140,38,0,4,147,0,181,33
North Dakota,Dunn,2015,365,314,40,1,0,0,152,36,0,0,300,0,65,0
North Dakota,McKenzie,2015,365,325,34,2,0,0,158,35,0,2,326,2,33,2
North Dakota,Mercer,2015,365,321,38,2,0,0,152,34,0,1,291,3,70,0
North Dakota,Oliver,2015,365,319,39,1,0,0,152,35,0,0,321,0,40,4
North Dakota,Stutsman,2015,365,350,15,0,0,0,85,13,0,0,0,14,0,351
North Dakota,Williams,2015,365,300,53,3,0,0,174,36,0,0,220,43,65,37
Ohio,Adams,2015,358,334,24,0,0,0,69,24,0,0,0,6,352,0
Ohio,Allen,2015,365,314,50,0,0,0,105,34,0,0,192,2,171,0
Ohio,Ashtabula,2015,365,319,43,0,0,0,143,31,0,0,208,157,0,0
Ohio,Athens,2015,57,50,7,0,0,0,67,28,0,0,0,0,57,0
Ohio,Belmont,2015,365,351,14,0,0,0,76,10,0,119,0,189,55,2
Ohio,Butler,2015,365,257,103,0,0,0,113,42,0,0,267,22,71,5
Ohio,Clark,2015,365,238,120,0,0,0,133,44,0,0,137,0,228,0
Ohio,Clermont,2015,357,240,114,0,0,0,136,44,0,0,131,0,226,0
Ohio,Clinton,2015,214,182,29,0,0,0,119,41,0,0,214,0,0,0
Ohio,Columbiana,2015,364,364,0,0,0,0,50,3,0,0,0,306,0,58
Ohio,Cuyahoga,2015,365,195,161,0,0,0,112,49,3,29,129,57,108,39
Ohio,Delaware,2015,214,187,26,0,0,0,108,39,0,0,214,0,0,0
Ohio,Fayette,2015,327,294,30,0,0,0,115,37,0,0,327,0,0,0
Ohio,Franklin,2015,365,236,124,0,0,0,112,44,0,37,141,0,186,1
Ohio,Geauga,2015,214,164,43,0,0,0,133,44,0,0,214,0,0,0
Ohio,Greene,2015,365,271,90,0,0,0,105,42,0,0,153,0,212,0
Ohio,Hamilton,2015,365,190,169,1,0,0,151,50,0,46,129,7,183,0
Ohio,Jefferson,2015,365,169,191,0,0,0,117,52,0,0,96,16,253,0
Ohio,Knox,2015,210,178,28,0,0,0,119,40,0,0,210,0,0,0
Ohio,Lake,2015,365,241,110,1,0,0,156,43,0,0,137,34,194,0
Ohio,Lawrence,2015,365,274,88,0,0,0,112,41,0,0,121,0,244,0
Ohio,Licking,2015,213,177,34,0,0,0,108,42,0,0,213,0,0,0
Ohio,Lorain,2015,364,319,45,0,0,0,93,34,0,0,183,0,181,0
Ohio,Lucas,2015,365,269,95,0,0,0,113,41,0,0,144,1,220,0
Ohio,Madison,2015,214,172,41,0,0,0,108,42,0,0,214,0,0,0
Ohio,Mahoning,2015,364,255,108,0,0,0,112,42,0,0,133,6,224,1
Ohio,Medina,2015,354,208,146,0,0,0,97,46,0,0,82,0,272,0
Ohio,Meigs,2015,358,353,5,0,0,0,71,3,0,0,0,358,0,0
Ohio,Miami,2015,213,177,34,0,0,0,105,42,0,0,213,0,0,0
Ohio,Montgomery,2015,365,254,108,0,0,0,108,43,1,0,157,0,207,0
Ohio,Morgan,2015,365,342,17,0,0,0,141,4,0,0,0,365,0,0
Ohio,Noble,2015,360,310,49,0,0,0,112,37,0,0,329,0,31,0
Ohio,Portage,2015,260,228,32,0,0,0,93,36,0,0,189,0,71,0
Ohio,Preble,2015,365,276,87,0,0,0,119,40,0,0,238,2,125,0
Ohio,Scioto,2015,365,342,23,0,0,0,92,17,0,0,0,47,109,209
Ohio,Stark,2015,365,271,87,0,0,0,108,40,3,0,140,0,222,0
Ohio,Summit,2015,365,177,187,0,0,0,135,52,1,0,48,2,314,0
Ohio,Trumbull,2015,293,228,62,0,0,0,112,40,0,0,210,0,74,9
Ohio,Warren,2015,344,237,103,0,0,0,129,42,0,0,170,0,174,0
Ohio,Washington,2015,214,181,32,0,0,0,115,40,0,0,214,0,0,0
Ohio,Wood,2015,212,188,24,0,0,0,77,41,0,0,212,0,0,0
Oklahoma,Adair,2015,365,288,77,0,0,0,93,40,0,0,232,1,131,1
Oklahoma,Caddo,2015,266,257,9,0,0,0,74,31,0,0,266,0,0,0
Oklahoma,Canadian,2015,358,305,53,0,0,0,90,37,0,26,332,0,0,0
Oklahoma,Cherokee,2015,278,256,22,0,0,0,93,37,0,0,278,0,0,0
Oklahoma,Cleveland,2015,364,280,84,0,0,0,87,41,0,0,248,0,116,0
Oklahoma,Comanche,2015,364,298,66,0,0,0,97,40,0,0,268,0,96,0
Oklahoma,Cotton,2015,266,229,37,0,0,0,90,39,0,0,266,0,0,0
Oklahoma,Creek,2015,349,322,27,0,0,0,100,36,0,0,349,0,0,0
Oklahoma,Custer,2015,135,135,0,0,0,0,38,15,0,0,0,0,0,135
Oklahoma,Dewey,2015,348,283,65,0,0,0,96,40,0,0,296,0,52,0
Oklahoma,Ellis,2015,86,83,3,0,0,0,93,23,0,0,0,0,86,0
Oklahoma,Johnston,2015,84,75,8,0,0,0,108,41,0,0,84,0,0,0
Oklahoma,Kay,2015,365,253,111,0,0,0,107,43,0,0,114,5,246,0
Oklahoma,Lincoln,2015,293,235,58,0,0,0,87,39,0,0,232,0,45,16
Oklahoma,Love,2015,283,253,29,1,0,0,152,25,0,0,0,0,283,0
Oklahoma,Mayes,2015,284,262,21,0,0,0,108,38,0,0,284,0,0,0
Oklahoma,McClain,2015,359,322,37,0,0,0,87,36,0,0,359,0,0,0
Oklahoma,Muskogee,2015,362,350,12,0,0,0,87,17,0,0,0,80,0,282
Oklahoma,Oklahoma,2015,365,272,91,0,0,0,115,42,0,42,247,0,76,0
Oklahoma,Ottawa,2015,364,276,88,0,0,0,88,40,0,0,116,0,245,3
Oklahoma,Pittsburg,2015,365,313,52,0,0,0,100,38,0,0,254,0,111,0
Oklahoma,Sequoyah,2015,365,325,40,0,0,0,93,35,0,50,230,0,57,28
Oklahoma,Tulsa,2015,365,251,112,0,0,0,147,45,0,3,196,0,165,1
Oregon,Baker,2015,365,326,29,2,0,0,157,23,0,0,0,0,365,0
Oregon,Benton,2015,365,334,29,1,0,0,153,16,0,0,0,0,365,0
Oregon,Clackamas,2015,222,196,22,2,0,0,172,32,0,0,129,0,93,0
Oregon,Columbia,2015,359,331,27,0,0,0,120,30,0,0,143,0,216,0
Oregon,Crook,2015,362,291,63,2,0,0,165,24,0,0,0,0,362,0
Oregon,Deschutes,2015,365,312,47,1,0,0,160,33,0,0,130,0,235,0
Oregon,Douglas,2015,365,329,35,0,0,0,141,19,0,0,0,0,365,0
Oregon,Grant,2015,363,280,74,5,0,0,167,32,0,0,0,0,363,0
Oregon,Harney,2015,365,280,82,0,0,0,126,26,0,0,0,0,365,0
Oregon,Jackson,2015,365,234,102,10,1,0,284,43,0,0,118,0,247,0
Oregon,Jefferson,2015,92,75,13,1,0,0,157,32,0,0,0,0,92,0
Oregon,Josephine,2015,365,277,82,2,0,0,166,28,0,0,0,0,365,0
Oregon,Klamath,2015,365,254,98,2,0,0,189,32,0,0,0,0,365,0
Oregon,Lake,2015,365,294,68,0,0,0,125,21,0,0,0,0,365,0
Oregon,Lane,2015,365,249,101,2,0,0,186,40,0,0,134,0,230,1
Oregon,Linn,2015,365,307,53,3,0,0,179,23,0,0,0,0,365,0
Oregon,Marion,2015,365,307,55,2,0,0,170,33,0,0,143,0,222,0
Oregon,Multnomah,2015,365,311,52,2,0,0,163,35,0,15,209,0,138,3
Oregon,Umatilla,2015,365,288,68,3,0,0,158,38,0,0,132,0,233,0
Oregon,Union,2015,362,293,58,5,0,0,181,29,0,0,0,0,362,0
Oregon,Wallowa,2015,364,322,33,5,0,0,176,19,0,0,0,0,364,0
Oregon,Wasco,2015,358,326,30,2,0,0,156,20,0,0,0,0,358,0
Oregon,Washington,2015,365,285,78,1,0,0,155,36,0,38,190,0,137,0
Pennsylvania,Adams,2015,365,243,121,0,0,0,101,44,0,0,224,0,141,0
Pennsylvania,Allegheny,2015,365,154,186,2,0,0,175,53,0,0,128,26,209,2
Pennsylvania,Armstrong,2015,364,219,142,0,0,0,115,46,0,0,174,0,190,0
Pennsylvania,Beaver,2015,365,219,141,0,0,0,122,46,0,4,209,3,149,0
Pennsylvania,Berks,2015,365,206,153,0,0,0,119,47,0,1,186,0,178,0
Pennsylvania,Blair,2015,365,236,127,0,0,0,108,44,0,0,149,3,213,0
Pennsylvania,Bradford,2015,365,352,13,0,0,0,77,32,0,2,363,0,0,0
Pennsylvania,Bucks,2015,362,203,142,1,0,0,164,46,0,4,183,0,175,0
Pennsylvania,Cambria,2015,365,213,152,0,0,0,97,47,0,7,112,10,235,1
Pennsylvania,Centre,2015,365,258,105,0,0,0,108,42,0,3,226,0,136,0
Pennsylvania,Chester,2015,365,195,168,1,0,0,166,48,0,0,150,0,215,0
Pennsylvania,Clearfield,2015,336,292,44,0,0,0,100,38,0,0,336,0,0,0
Pennsylvania,Cumberland,2015,363,210,152,0,0,0,121,45,0,0,0,0,363,0
Pennsylvania,Dauphin,2015,365,185,172,0,0,0,124,50,0,0,123,0,241,1
Pennsylvania,Delaware,2015,365,195,161,0,0,0,150,48,0,6,155,0,203,1
Pennsylvania,Elk,2015,347,324,22,0,0,0,101,36,0,0,347,0,0,0
Pennsylvania,Erie,2015,365,281,82,0,0,0,115,40,0,10,227,0,128,0
Pennsylvania,Franklin,2015,359,340,19,0,0,0,77,34,0,0,359,0,0,0
Pennsylvania,Greene,2015,364,303,57,0,0,0,115,37,0,0,359,5,0,0
Pennsylvania,Indiana,2015,365,279,79,0,0,0,120,41,0,0,315,50,0,0
Pennsylvania,Lackawanna,2015,365,240,122,0,0,0,108,43,0,8,178,0,179,0
Pennsylvania,Lancaster,2015,365,185,170,0,0,0,140,50,0,4,163,0,198,0
Pennsylvania,Lawrence,2015,365,332,32,0,0,0,101,33,0,0,328,6,0,31
Pennsylvania,Lebanon,2015,365,224,129,0,0,0,133,46,0,0,212,0,153,0
Pennsylvania,Lehigh,2015,365,319,43,0,0,0,108,34,0,0,349,0,0,16
Pennsylvania,Luzerne,2015,365,329,35,0,0,0,105,34,0,0,347,0,0,18
Pennsylvania,Lycoming,2015,363,340,23,0,0,0,87,34,0,0,362,0,0,1
Pennsylvania,Mercer,2015,365,221,141,1,0,0,152,45,0,0,176,0,189,0
Pennsylvania,Monroe,2015,364,281,82,0,0,0,112,39,0,0,263,0,101,0
Pennsylvania,Montgomery,2015,365,247,112,0,0,0,133,42,0,0,240,0,125,0
Pennsylvania,Northampton,2015,365,187,173,0,0,0,119,50,0,2,144,0,219,0
Pennsylvania,Philadelphia,2015,365,177,172,2,0,0,161,51,0,23,140,0,202,0
Pennsylvania,Somerset,2015,287,272,15,0,0,0,77,34,0,0,287,0,0,0
Pennsylvania,Tioga,2015,365,287,78,0,0,0,90,40,0,1,243,0,121,0
Pennsylvania,Warren,2015,359,283,62,0,0,0,128,23,0,0,0,359,0,0
Pennsylvania,Washington,2015,365,184,174,0,0,0,119,50,0,0,145,5,215,0
Pennsylvania,Westmoreland,2015,365,236,126,0,0,0,147,44,0,0,167,0,198,0
Pennsylvania,York,2015,365,200,156,0,0,0,126,48,0,12,173,1,179,0
Puerto Rico,Adjuntas,2015,91,85,6,0,0,0,59,20,0,0,0,0,91,0
Puerto Rico,Bayamon,2015,257,242,14,0,0,0,146,18,35,0,158,0,64,0
Puerto Rico,Catano,2015,365,336,27,1,0,0,196,19,0,0,98,15,0,252
Puerto Rico,Fajardo,2015,322,302,20,0,0,0,65,22,0,0,0,0,39,283
Puerto Rico,Guayama,2015,110,102,8,0,0,0,68,20,0,0,0,0,63,47
Puerto Rico,Guayanilla,2015,111,101,10,0,0,0,58,20,0,0,0,0,111,0
Puerto Rico,Guaynabo,2015,353,304,49,0,0,0,100,25,38,57,0,0,43,215
Puerto Rico,Juncos,2015,329,329,0,0,0,0,38,19,0,0,312,17,0,0
Puerto Rico,Ponce,2015,365,333,32,0,0,0,69,23,26,0,0,0,42,297
Puerto Rico,Salinas,2015,339,335,2,1,0,0,156,1,0,0,0,339,0,0
Puerto Rico,San Juan,2015,318,314,4,0,0,0,62,13,301,0,0,0,17,0
Rhode Island,Kent,2015,357,315,39,1,0,0,166,37,0,1,229,0,126,1
Rhode Island,Providence,2015,365,237,123,2,0,0,170,44,0,61,145,0,159,0
Rhode Island,Washington,2015,361,307,47,0,0,0,147,38,0,0,213,0,148,0
South Carolina,Abbeville,2015,266,261,5,0,0,0,71,32,0,0,266,0,0,0
South Carolina,Aiken,2015,247,236,11,0,0,0,64,38,0,0,247,0,0,0
South Carolina,Anderson,2015,200,185,15,0,0,0,80,38,0,0,200,0,0,0
South Carolina,Berkeley,2015,211,208,3,0,0,0,61,33,0,0,211,0,0,0
South Carolina,Charleston,2015,365,325,39,0,0,0,114,35,0,6,137,0,221,1
South Carolina,Cherokee,2015,318,276,42,0,0,0,87,37,0,0,318,0,0,0
South Carolina,Chesterfield,2015,357,287,70,0,0,0,90,40,0,0,185,0,170,2
South Carolina,Colleton,2015,299,283,16,0,0,0,68,33,0,0,208,0,91,0
South Carolina,Darlington,2015,244,229,15,0,0,0,84,40,0,0,244,0,0,0
South Carolina,Edgefield,2015,291,268,22,0,0,0,105,34,0,0,211,0,80,0
South Carolina,Florence,2015,168,134,34,0,0,0,74,37,0,0,0,0,168,0
South Carolina,Georgetown,2015,274,272,2,0,0,0,55,15,0,0,0,0,0,274
South Carolina,Greenville,2015,365,242,121,0,0,0,112,44,0,24,212,0,129,0
South Carolina,Lexington,2015,365,296,69,0,0,0,91,35,0,0,0,6,330,29
South Carolina,Oconee,2015,363,340,23,0,0,0,74,37,0,0,340,5,18,0
South Carolina,Pickens,2015,217,194,23,0,0,0,87,39,0,0,217,0,0,0
South Carolina,Richland,2015,365,296,69,0,0,0,89,40,0,0,220,0,145,0
South Carolina,Spartanburg,2015,364,252,112,0,0,0,97,42,0,0,137,0,227,0
South Carolina,York,2015,338,322,16,0,0,0,100,33,0,0,337,1,0,0
South Dakota,Brookings,2015,360,315,43,0,0,0,129,36,0,0,269,0,75,16
South Dakota,Brown,2015,121,114,7,0,0,0,94,24,0,0,0,0,115,6
South Dakota,Codington,2015,356,317,38,0,0,0,138,27,0,0,0,0,264,92
South Dakota,Custer,2015,365,334,29,0,0,0,133,39,0,0,328,0,37,0
South Dakota,Hughes,2015,361,339,20,1,0,0,152,15,0,0,0,0,361,0
South Dakota,Jackson,2015,364,336,26,0,0,0,142,38,0,0,326,0,38,0
South Dakota,Meade,2015,365,352,13,0,0,0,64,38,0,0,365,0,0,0
South Dakota,Minnehaha,2015,365,286,76,0,0,0,124,38,0,11,122,0,202,30
South Dakota,Pennington,2015,365,251,111,0,0,0,120,40,0,26,0,0,219,120
South Dakota,Union,2015,365,295,68,0,0,0,108,38,0,0,211,0,136,18
Tennessee,Anderson,2015,361,337,24,0,0,0,97,31,0,0,240,121,0,0
Tennessee,Blount,2015,363,303,59,0,0,0,105,40,2,0,333,0,28,0
Tennessee,Claiborne,2015,363,341,22,0,0,0,84,35,0,0,363,0,0,0
Tennessee,Davidson,2015,365,230,135,0,0,0,97,45,0,44,96,0,225,0
Tennessee,DeKalb,2015,353,336,17,0,0,0,77,35,0,0,353,0,0,0
Tennessee,Dyer,2015,111,99,12,0,0,0,66,31,0,0,0,0,111,0
Tennessee,Hamilton,2015,284,230,51,0,0,0,133,41,0,0,221,0,63,0
Tennessee,Jefferson,2015,245,183,61,0,0,0,101,44,0,0,245,0,0,0
Tennessee,Knox,2015,365,248,116,0,0,0,101,43,0,0,156,0,209,0
Tennessee,Lawrence,2015,110,103,7,0,0,0,70,30,0,0,0,0,110,0
Tennessee,Loudon,2015,276,213,63,0,0,0,100,40,0,0,206,0,70,0
Tennessee,Madison,2015,110,95,15,0,0,0,62,32,0,0,0,0,110,0
Tennessee,Maury,2015,98,89,9,0,0,0,62,29,0,0,0,0,98,0
Tennessee,McMinn,2015,110,92,18,0,0,0,63,32,0,0,0,0,110,0
Tennessee,Montgomery,2015,365,302,63,0,0,0,81,33,0,0,0,34,325,6
Tennessee,Putnam,2015,118,102,16,0,0,0,60,28,0,0,0,0,118,0
Tennessee,Roane,2015,120,87,33,0,0,0,70,39,0,0,0,0,94,26
Tennessee,Sevier,2015,364,302,61,0,0,0,112,43,0,0,364,0,0,0
Tennessee,Shelby,2015,365,260,101,0,0,0,129,42,0,12,190,0,163,0
Tennessee,Sullivan,2015,365,224,117,0,0,0,138,46,2,38,156,147,22,0
Tennessee,Sumner,2015,284,234,49,0,0,0,112,40,0,0,214,0,70,0
Tennessee,Union,2015,365,344,21,0,0,0,96,19,0,0,0,0,0,365
Tennessee,Williamson,2015,241,223,18,0,0,0,84,36,0,0,241,0,0,0
Tennessee,Wilson,2015,244,211,33,0,0,0,93,38,0,0,244,0,0,0
Texas,Bell,2015,365,309,51,0,0,0,133,36,0,0,365,0,0,0
Texas,Bexar,2015,365,217,134,3,0,0,156,46,0,14,173,0,178,0
Texas,Bowie,2015,118,86,32,0,0,0,79,38,0,0,0,0,118,0
Texas,Brazoria,2015,365,308,42,4,0,0,164,33,0,13,352,0,0,0
Texas,Brewster,2015,358,304,54,0,0,0,87,41,0,0,296,0,62,0
Texas,Cameron,2015,365,252,111,0,0,0,108,42,0,0,143,0,222,0
Texas,Collin,2015,360,304,47,0,0,0,143,36,0,0,360,0,0,0
Texas,Culberson,2015,113,111,2,0,0,0,62,15,0,0,0,0,113,0
Texas,Dallas,2015,365,243,112,0,0,0,147,44,0,30,185,0,150,0
Texas,Denton,2015,365,247,97,4,0,0,172,43,0,3,273,0,89,0
Texas,Ector,2015,365,326,39,0,0,0,73,30,0,0,0,0,365,0
Texas,El Paso,2015,365,195,163,0,0,0,136,50,0,22,230,0,111,2
Texas,Ellis,2015,365,273,89,0,0,0,136,40,0,4,219,0,142,0
Texas,Fayette,2015,361,323,38,0,0,0,77,25,0,0,0,0,361,0
Texas,Galveston,2015,365,282,65,3,0,0,190,40,0,6,263,4,91,1
Texas,Gregg,2015,365,322,41,0,0,0,143,33,0,3,355,7,0,0
Texas,Harris,2015,365,159,167,11,1,0,203,53,0,22,126,0,201,16
Texas,Harrison,2015,365,302,63,0,0,0,96,37,0,0,228,0,137,0
Texas,Hidalgo,2015,365,246,118,0,0,0,107,39,0,0,115,0,250,0
Texas,Hood,2015,364,308,49,1,0,0,151,34,0,0,364,0,0,0
Texas,Hunt,2015,365,339,26,0,0,0,80,33,0,4,361,0,0,0
Texas,Jefferson,2015,365,247,107,1,0,0,164,43,0,0,198,32,135,0
Texas,Johnson,2015,361,300,55,1,0,0,156,35,0,0,361,0,0,0
Texas,Kaufman,2015,365,305,60,0,0,0,93,37,0,3,243,2,117,0
Texas,Kleberg,2015,354,284,70,0,0,0,95,33,0,0,0,0,354,0
Texas,Maverick,2015,333,277,56,0,0,0,81,33,0,0,0,0,333,0
Texas,McLennan,2015,365,282,80,0,0,0,115,38,0,1,258,0,106,0
Texas,Montgomery,2015,365,263,97,0,0,0,133,42,0,0,207,0,158,0
Texas,Navarro,2015,364,283,79,0,0,0,105,39,0,0,230,7,127,0
Texas,Nueces,2015,365,263,100,0,0,0,112,41,0,0,185,1,179,0
Texas,Orange,2015,365,303,62,0,0,0,100,37,0,2,222,0,141,0
Texas,Parker,2015,365,301,47,0,0,0,133,37,0,0,365,0,0,0
Texas,Polk,2015,327,310,17,0,0,0,93,31,0,0,327,0,0,0
Texas,Potter,2015,364,355,8,0,0,0,128,22,0,0,0,8,356,0
Texas,Randall,2015,356,300,56,0,0,0,97,42,0,0,356,0,0,0
Texas,Rockwall,2015,364,309,48,0,0,0,140,36,0,0,364,0,0,0
Texas,Smith,2015,365,319,45,0,0,0,108,33,0,1,364,0,0,0
Texas,Tarrant,2015,365,254,86,2,0,0,172,43,0,25,213,0,127,0
Texas,Travis,2015,365,239,116,0,0,0,150,44,0,28,197,0,140,0
Texas,Victoria,2015,357,323,33,0,0,0,105,32,0,0,357,0,0,0
Texas,Webb,2015,365,255,110,0,0,0,94,39,1,0,116,0,246,2
Utah,Box Elder,2015,365,256,104,0,0,0,120,45,0,0,319,0,46,0
Utah,Cache,2015,365,289,72,1,0,0,157,40,0,16,214,0,133,2
Utah,Carbon,2015,293,200,91,0,0,0,112,46,0,0,293,0,0,0
Utah,Davis,2015,357,286,64,0,0,0,143,38,0,29,239,0,87,2
Utah,Duchesne,2015,365,278,84,0,0,0,129,44,0,0,322,0,43,0
Utah,Garfield,2015,364,299,63,0,0,0,108,42,0,0,364,0,0,0
Utah,Salt Lake,2015,365,180,158,2,0,0,153,51,0,46,252,0,60,7
Utah,San Juan,2015,362,285,76,0,0,0,105,43,0,0,360,0,2,0
Utah,Tooele,2015,365,311,50,0,0,0,143,29,0,0,143,0,222,0
Utah,Uintah,2015,365,249,114,0,0,0,122,46,0,0,349,0,16,0
Utah,Utah,2015,365,227,125,0,0,0,120,46,0,58,243,0,60,4
Utah,Washington,2015,365,282,80,0,0,0,108,43,0,0,359,0,6,0
Utah,Wayne,2015,119,118,1,0,0,0,64,8,0,0,0,0,119,0
Utah,Weber,2015,365,244,108,1,0,0,189,46,0,22,258,0,72,13
Vermont,Bennington,2015,365,318,47,0,0,0,97,37,0,0,278,0,87,0
Vermont,Chittenden,2015,365,318,47,0,0,0,100,36,0,4,284,0,77,0
Vermont,Rutland,2015,365,277,85,0,0,0,121,30,0,55,0,0,310,0
Vermont,Windham,2015,112,111,1,0,0,0,62,13,0,0,0,0,112,0
Virgin Islands,St Croix,2015,38,19,19,0,0,0,88,51,0,0,0,0,20,18
Virgin Islands,St John,2015,109,94,15,0,0,0,71,24,0,0,0,0,109,0
Virginia,Albemarle,2015,365,322,43,0,0,0,75,36,0,0,171,0,194,0
Virginia,Alexandria City,2015,344,336,8,0,0,0,67,23,20,300,0,0,0,24
Virginia,Arlington,2015,364,285,73,0,0,0,126,39,7,112,194,0,51,0
Virginia,Bristol City,2015,112,103,9,0,0,0,63,30,0,0,0,0,112,0
Virginia,Caroline,2015,204,185,19,0,0,0,87,40,0,0,204,0,0,0
Virginia,Carroll,2015,58,58,0,0,0,0,35,10,0,0,0,0,0,58
Virginia,Charles,2015,358,333,24,0,0,0,112,32,0,98,183,17,60,0
Virginia,Chesterfield,2015,247,206,41,0,0,0,100,39,0,0,177,0,70,0
Virginia,Fairfax,2015,365,279,82,0,0,0,119,40,0,0,169,0,196,0
Virginia,Fauquier,2015,208,200,8,0,0,0,61,36,0,0,208,0,0,0
Virginia,Frederick,2015,342,271,71,0,0,0,84,39,0,0,151,0,191,0
Virginia,Fredericksburg City,2015,57,57,0,0,0,0,27,11,0,0,0,0,0,57
Virginia,Giles,2015,357,324,33,0,0,0,93,39,0,0,357,0,0,0
Virginia,Hampton City,2015,364,304,60,0,0,0,90,38,0,12,196,10,146,0
Virginia,Hanover,2015,214,189,25,0,0,0,74,40,0,0,214,0,0,0
Virginia,Henrico,2015,365,282,80,0,0,0,119,39,1,6,231,0,127,0
Virginia,Hopewell City,2015,60,60,0,0,0,0,23,10,0,0,0,0,0,60
Virginia,King William,2015,54,54,0,0,0,0,30,12,0,0,0,0,0,54
Virginia,Loudoun,2015,361,307,50,0,0,0,115,36,0,123,185,0,53,0
Virginia,Lynchburg City,2015,116,105,11,0,0,0,62,30,0,0,0,0,116,0
Virginia,Madison,2015,361,304,57,0,0,0,88,43,0,0,336,0,25,0
Virginia,Norfolk City,2015,365,353,12,0,0,0,76,20,12,252,0,3,98,0
Virginia,Page,2015,243,209,34,0,0,0,88,42,0,0,199,0,44,0
Virginia,Prince Edward,2015,361,351,10,0,0,0,74,34,0,0,361,0,0,0
Virginia,Prince William,2015,364,330,34,0,0,0,93,30,0,151,213,0,0,0
Virginia,Richmond City,2015,365,272,93,0,0,0,84,39,0,46,0,0,319,0
Virginia,Roanoke,2015,365,294,71,0,0,0,90,38,0,16,166,0,183,0
Virginia,Rockbridge,2015,263,251,12,0,0,0,81,37,0,0,197,0,66,0
Virginia,Rockingham,2015,365,326,39,0,0,0,90,36,0,111,193,4,57,0
Virginia,Salem City,2015,118,101,17,0,0,0,91,32,0,0,0,0,118,0
Virginia,Stafford,2015,214,183,31,0,0,0,97,40,0,0,214,0,0,0
Virginia,Suffolk City,2015,214,182,32,0,0,0,93,40,0,0,214,0,0,0
Virginia,Virginia Beach City,2015,352,314,38,0,0,0,85,30,0,0,0,0,352,0
Virginia,Winchester City,2015,59,59,0,0,0,0,31,11,0,0,0,0,0,59
Virginia,Wythe,2015,211,196,15,0,0,0,74,38,0,0,211,0,0,0
Washington,Adams,2015,356,325,26,3,0,0,161,20,0,0,0,0,356,0
Washington,Asotin,2015,267,216,51,0,0,0,82,27,0,0,0,0,267,0
Washington,Benton,2015,362,292,60,1,0,1,485,30,0,0,83,0,233,46
Washington,Chelan,2015,362,289,70,0,0,0,148,25,0,0,0,0,362,0
Washington,Clallam,2015,363,317,46,0,0,0,77,38,0,0,242,0,121,0
Washington,Clark,2015,344,272,67,3,0,0,157,33,0,0,113,0,231,0
Washington,Columbia,2015,362,353,8,0,0,0,104,14,0,0,0,0,362,0
Washington,Cowlitz,2015,362,341,20,0,0,0,109,20,0,0,0,0,362,0
Washington,Franklin,2015,359,327,29,0,0,0,139,20,0,0,0,0,359,0
Washington,Grant,2015,360,321,35,1,0,0,152,23,0,0,0,0,360,0
Washington,Grays Harbor,2015,343,330,13,0,0,0,64,22,0,0,0,0,343,0
Washington,Jefferson,2015,307,298,9,0,0,0,72,20,0,0,0,0,307,0
Washington,King,2015,363,217,137,0,0,0,129,45,0,77,96,0,190,0
Washington,Kitsap,2015,358,349,9,0,0,0,82,18,0,0,0,0,358,0
Washington,Kittitas,2015,363,296,63,2,0,0,157,21,0,0,0,0,363,0
Washington,Klickitat,2015,120,111,8,0,0,0,108,16,0,0,0,0,120,0
Washington,Lewis,2015,361,338,22,1,0,0,153,23,0,0,0,0,361,0
Washington,Mason,2015,362,343,18,0,0,0,102,22,0,0,0,0,362,0
Washington,Okanogan,2015,363,219,127,4,2,5,490,41,0,0,0,0,363,0
Washington,Pierce,2015,365,284,74,1,0,0,162,41,0,0,228,0,137,0
Washington,Skagit,2015,365,335,29,0,0,0,116,35,0,1,212,0,152,0
Washington,Snohomish,2015,362,279,71,2,0,0,156,28,0,0,0,0,362,0
Washington,Spokane,2015,363,257,92,4,0,0,167,42,0,0,127,0,212,24
Washington,Stevens,2015,362,265,85,2,0,0,158,28,0,0,0,0,280,82
Washington,Thurston,2015,357,312,45,0,0,0,99,31,0,0,145,0,212,0
Washington,Walla Walla,2015,362,331,27,1,0,0,152,19,0,0,0,0,362,0
Washington,Whatcom,2015,331,310,21,0,0,0,89,30,0,0,130,0,201,0
Washington,Whitman,2015,362,327,27,1,0,0,176,20,0,0,0,0,362,0
Washington,Yakima,2015,363,236,107,4,0,0,181,36,0,0,0,0,356,7
West Virginia,Berkeley,2015,254,187,67,0,0,0,100,44,0,0,191,0,63,0
West Virginia,Brooke,2015,365,305,58,0,0,0,105,21,1,0,0,164,114,86
West Virginia,Cabell,2015,354,294,59,0,0,0,101,34,0,0,189,96,69,0
West Virginia,Gilmer,2015,346,338,8,0,0,0,67,31,0,0,346,0,0,0
West Virginia,Greenbrier,2015,210,202,8,0,0,0,71,38,0,0,210,0,0,0
West Virginia,Hancock,2015,365,297,64,0,0,0,112,34,1,0,179,99,62,24
West Virginia,Harrison,2015,116,92,24,0,0,0,84,35,0,0,0,0,116,0
West Virginia,Kanawha,2015,359,299,58,1,0,0,162,34,0,0,166,21,85,87
West Virginia,Marion,2015,119,87,32,0,0,0,89,37,0,0,0,0,119,0
West Virginia,Marshall,2015,363,259,104,0,0,0,87,39,0,0,0,11,352,0
West Virginia,Monongalia,2015,361,307,52,0,0,0,133,32,0,0,188,107,66,0
West Virginia,Ohio,2015,251,185,64,0,0,0,112,43,0,0,187,0,64,0
West Virginia,Raleigh,2015,25,25,0,0,0,0,42,24,0,0,0,0,25,0
West Virginia,Tucker,2015,355,333,21,0,0,0,115,36,0,0,338,0,17,0
West Virginia,Wood,2015,364,301,59,0,0,0,129,35,0,0,189,109,66,0
Wisconsin,Ashland,2015,360,349,11,0,0,0,77,33,0,0,350,0,10,0
Wisconsin,Brown,2015,365,283,81,0,0,0,122,39,0,0,154,36,175,0
Wisconsin,Columbia,2015,214,192,22,0,0,0,80,40,0,0,214,0,0,0
Wisconsin,Dane,2015,365,288,76,0,0,0,106,39,0,0,158,18,189,0
Wisconsin,Dodge,2015,365,297,67,0,0,0,101,38,0,0,275,0,89,1
Wisconsin,Door,2015,202,175,22,0,0,0,129,39,0,0,202,0,0,0
Wisconsin,Eau Claire,2015,358,325,32,0,0,0,125,33,0,0,200,0,158,0
Wisconsin,Fond du Lac,2015,194,165,29,0,0,0,97,40,0,0,194,0,0,0
Wisconsin,Forest,2015,362,338,23,0,0,0,102,34,0,0,323,0,39,0
Wisconsin,Grant,2015,361,311,49,0,0,0,107,29,0,0,0,0,361,0
Wisconsin,Jefferson,2015,198,171,27,0,0,0,93,40,0,0,198,0,0,0
Wisconsin,Kenosha,2015,361,270,85,1,0,0,157,41,0,0,196,0,165,0
Wisconsin,Kewaunee,2015,200,170,27,0,0,0,119,40,0,0,200,0,0,0
Wisconsin,La Crosse,2015,361,314,47,0,0,0,98,37,0,0,205,0,156,0
Wisconsin,Manitowoc,2015,191,159,27,0,0,0,133,38,0,0,191,0,0,0
Wisconsin,Marathon,2015,204,192,12,0,0,0,90,36,0,0,204,0,0,0
Wisconsin,Milwaukee,2015,365,266,96,0,0,0,112,41,0,20,186,0,158,1
Wisconsin,Oneida,2015,353,271,39,0,0,0,146,3,0,0,0,353,0,0
Wisconsin,Outagamie,2015,362,297,65,0,0,0,98,38,0,0,161,0,201,0
Wisconsin,Ozaukee,2015,365,299,61,0,0,0,122,36,0,0,187,0,178,0
Wisconsin,Racine,2015,185,154,30,0,0,0,105,39,0,0,185,0,0,0
Wisconsin,Rock,2015,192,165,27,0,0,0,100,41,0,0,192,0,0,0
Wisconsin,Sauk,2015,364,311,53,0,0,0,96,36,0,0,176,0,183,5
Wisconsin,Sheboygan,2015,198,154,33,1,0,0,159,40,0,0,198,0,0,0
Wisconsin,Taylor,2015,365,335,29,0,0,0,120,34,0,0,290,0,75,0
Wisconsin,Vilas,2015,204,188,16,0,0,0,84,33,0,0,173,0,31,0
Wisconsin,Walworth,2015,199,170,28,0,0,0,108,40,0,0,199,0,0,0
Wisconsin,Waukesha,2015,357,275,81,0,0,0,105,40,0,0,149,0,208,0
Wyoming,Albany,2015,365,279,86,0,0,0,93,45,0,0,314,0,7,44
Wyoming,Big Horn,2015,359,327,32,0,0,0,71,39,0,0,324,0,29,6
Wyoming,Campbell,2015,365,252,110,1,0,0,198,44,0,8,191,0,29,137
Wyoming,Carbon,2015,365,324,40,0,0,0,105,42,0,2,350,5,7,1
Wyoming,Converse,2015,365,293,67,2,0,0,161,43,0,0,284,0,18,63
Wyoming,Fremont,2015,365,288,77,0,0,0,97,45,0,0,337,0,28,0
Wyoming,Goshen,2015,167,152,13,0,0,0,138,23,0,0,10,0,157,0
Wyoming,Johnson,2015,57,56,1,0,0,0,56,6,0,0,0,0,57,0
Wyoming,Laramie,2015,365,308,56,1,0,0,152,42,1,3,327,1,29,4
Wyoming,Lincoln,2015,365,355,10,0,0,0,96,13,0,0,0,0,0,365
Wyoming,Natrona,2015,365,329,36,0,0,0,95,41,0,14,342,0,9,0
Wyoming,Park,2015,126,121,5,0,0,0,81,15,0,0,0,0,102,24
Wyoming,Platte,2015,60,57,3,0,0,0,86,14,0,0,0,0,0,60
Wyoming,Sheridan,2015,365,326,37,0,0,0,146,38,0,0,264,0,46,55
Wyoming,Sublette,2015,365,297,67,0,0,0,101,44,0,0,353,0,12,0
Wyoming,Sweetwater,2015,365,256,105,0,0,0,119,44,0,3,330,3,4,25
Wyoming,Teton,2015,365,325,39,0,0,0,107,42,0,0,353,0,9,3
Wyoming,Uinta,2015,365,316,47,0,0,0,101,41,0,0,354,0,0,11
Wyoming,Weston,2015,365,328,37,0,0,0,92,40,0,0,349,1,14,1
